user_id,item_id,rating
526619,8539,
223040,8882,
475152,57834,
1392836,926,
84327,7954,
526482,4947,
234042,1977,
642813,14122,
349968,7372,
543405,3768,
456708,2323,
1036085,794,
1160633,13573,
154944,729,
960193,1448,
271427,13209,
271618,13408,
603962,6747,
184905,29944,
354517,12776,
736241,71937,
1119570,10164,
1259988,19696,
1658307,1220,
312709,18745,
544344,88021,
1537161,15348,
223052,1600,
858910,19825,
228868,62807,
1849142,1123,
663321,8179,
6989,683,
361852,1067,
730227,2704,
519584,484,
493968,19105,
63297,270,
1046978,11553,
25903,19118,
207089,3846,
22265,16040,
773830,8380,
271817,48672,
612180,624,
28338,4570,
1979404,1853,
1434566,10292,
130406,2286,
22108,8420,
841455,53016,
146201,7726,
1207034,25138,
182162,23450,
253427,1378,
528063,441,
238952,2431,
87509,2856,
834231,4082,
570673,19765,
1279554,47346,
314402,71320,
148848,15888,
699770,1989,
29093,1370,
726027,2939,
123945,19771,
1529017,2651,
354858,223,
898902,13741,
725067,19638,
1088915,1160,
175059,14161,
1338203,818,
2014539,19282,
547995,194,
491873,17091,
60303,33501,
1048291,40354,
790790,71296,
1376121,7527,
189369,37919,
454678,22356,
122258,1765,
256477,15202,
1393593,4353,
724400,19645,
567351,65667,
1766259,30872,
390320,1130,
90921,7519,
325687,1701,
66795,18031,
293564,4618,
74716,7754,
904480,97435,
201721,28434,
862738,26553,
540514,5558,
110742,15373,
2139656,45494,
317356,9383,
977219,3011,
116246,19106,
1987080,1411,
1455733,73901,
853133,5786,
154699,22818,
1742590,12787,
527529,15126,
789808,8881,
389881,1808,
1492684,23161,
102324,21,
1470897,2083,
319297,683,
1520366,19199,
716463,6727,
627730,12088,
1533282,16313,
2042442,484,
1495396,36087,
547888,62406,
843802,97106,
386930,815,
47726,4097,
1379194,9909,
404778,6013,
311919,7347,
1459464,14774,
153152,5590,
968837,6578,
324422,27368,
790190,2666,
86983,5155,
1084314,4100,
317814,2234,
1515522,70718,
1027542,8642,
1815466,5333,
733694,441,
128231,15196,
1036610,1765,
203193,13033,
108160,23728,
87463,9602,
1302616,3078,
231343,49458,
323672,1115,
394796,3988,
1054151,47983,
350202,8995,
901080,19454,
117079,1052,
456948,2939,
900922,72336,
528111,69399,
737565,3548,
433690,935,
114284,10862,
933253,14673,
908150,7483,
53375,212,
446929,4174,
326062,14195,
847938,23360,
932737,7898,
676606,23477,
641470,18705,
107472,9405,
1453832,22147,
73052,1008,
502121,1169,
1285995,1371,
1728173,2702,
238477,6632,
482544,8583,
1434124,18614,
343160,11119,
81198,12911,
314800,3456,
118100,9406,
879583,15974,
902348,4465,
1707287,14333,
296739,4119,
1189852,3914,
1479641,8235,
810598,929,
71357,4879,
2035444,1344,
1511006,26531,
1214050,1224,
274841,6261,
703045,25913,
324363,16423,
541353,11002,
29282,1201,
563968,10822,
27948,20198,
838209,622,
1214031,1282,
840143,15698,
135837,7888,
1536732,13549,
181526,928,
1483156,1448,
686454,17611,
1515644,2938,
18345,17404,
1205838,32242,
547378,151,
1736562,25668,
312402,7594,
1061006,1043,
1469123,24412,
44168,18422,
1911842,10164,
610065,11940,
107798,3296,
1486976,5881,
569538,20438,
42857,381,
110054,1648,
1421253,5052,
542259,11968,
323765,916,
150422,4062,
131861,1411,
1084603,10086,
475445,17068,
1240939,19617,
206941,1901,
488210,353,
459373,19817,
389937,311,
343665,2766,
1404803,48868,
597841,10864,
434627,12230,
1388594,17574,
780282,25090,
317434,1335,
1536041,848,
582,1638,
450934,5839,
276964,62938,
1715838,1052,
1736562,22266,
162071,2165,
317976,24410,
628225,683,
589513,10377,
742945,1320,
53832,31795,
162909,40335,
1667542,83785,
27758,1366,
314266,2973,
477284,3716,
290431,3555,
472941,419,
14855,7476,
284439,2841,
269896,8464,
911408,20461,
1127639,8943,
67035,2647,
198996,6374,
854342,6455,
90509,264,
390739,8489,
16268,16133,
318737,6551,
236105,2671,
131596,3739,
16973,3964,
46551,3934,
660065,12301,
390882,29641,
127276,13181,
594518,12159,
132242,1447,
1113389,2339,
286134,14448,
125879,18811,
1558406,24414,
101107,21906,
82460,39077,
396521,18462,
1027467,3755,
105092,9807,
380908,14130,
1730144,1644,
13221,14258,
463597,3380,
1214284,1200,
181655,17526,
605020,30040,
219130,6879,
1394277,40172,
1635763,3457,
1463951,6641,
920229,212,
358944,2482,
178469,56545,
1440761,26827,
726410,799,
1316789,7333,
337242,3806,
1665827,12124,
402078,5202,
335674,11541,
444626,1007,
456969,30817,
1861775,65658,
446929,1846,
525256,5018,
2046679,69049,
2031679,91147,
1346492,22818,
1472966,16797,
1736048,10745,
29196,22793,
22816,10653,
860083,67553,
262940,3803,
315028,2862,
576715,230,
239707,611,
1835136,112582,
206437,8640,
678066,8882,
1151307,2497,
639797,9572,
1107317,1626,
1941060,1459,
1228771,8248,
405208,256,
130121,42507,
914673,2318,
1133059,3973,
135,302,
155892,33813,
449135,1765,
61894,33902,
189643,3597,
36063,22407,
1821958,5406,
367712,76400,
1061006,9137,
228339,1402,
1202487,4307,
1208617,4434,
317224,1694,
1393344,34310,
1779773,32701,
240926,47440,
1404572,57535,
600941,2939,
323540,22450,
4286,1765,
283361,1130,
124155,464,
69459,2240,
1173250,19392,
260463,1765,
1834878,2717,
312002,268,
448876,7765,
542173,1327,
341048,31471,
1228319,3548,
176686,1808,
421241,7263,
287640,49739,
660718,8135,
76431,4417,
2009971,30310,
236239,19247,
390548,8293,
773642,4618,
1138104,8697,
227315,23837,
1731281,14037,
476008,20129,
450215,44341,
554498,3680,
1883883,3695,
535162,3755,
312281,34948,
949494,412,
1215053,3309,
724867,44127,
1315731,2671,
251897,2400,
1557709,4460,
113565,1122,
718230,3309,
431532,441,
1454181,8583,
1139481,45613,
1730190,10990,
838048,5232,
83486,17340,
63731,10285,
1575312,1859,
188482,18859,
312865,561,
32433,21735,
49554,19720,
601737,67174,
17912,17128,
1084048,5039,
1605626,18184,
1103096,21851,
130112,5944,
1897612,3665,
567525,1787,
201500,12761,
705950,913,
130121,441,
316527,32819,
637532,47685,
1084996,4413,
328682,59965,
1885525,3264,
139501,8235,
311143,14259,
1238404,9737,
282278,5620,
310210,435,
796412,3823,
323198,5203,
21037,5482,
477992,45038,
806389,10090,
501983,926,
346737,16106,
1192802,19793,
171052,34594,
1762599,12503,
138685,9751,
1312735,23374,
1536041,818,
225066,911,
543766,946,
182064,3036,
228509,9737,
1045293,3408,
461137,24979,
878174,5989,
589423,15044,
313212,18369,
800375,435,
507738,27533,
1277942,1191,
1991554,4726,
316453,910,
896170,14882,
1666916,4946,
318230,1702,
710595,1626,
57737,9317,
21792,9359,
1101309,5686,
1897612,28624,
1795405,9324,
140447,6261,
907464,1243,
1722485,53133,
1887646,63421,
523583,25068,
359184,67964,
1693957,1989,
885222,5955,
530159,9083,
660508,1006,
373303,33704,
622199,5354,
165217,54731,
1073589,15600,
198682,19,
580856,441,
748178,13329,
1786417,5358,
497498,11380,
63373,3737,
223232,824,
28997,1076,
1103096,607,
1593538,1132,
281604,2779,
1480369,622,
60511,929,
1171606,3701,
685888,24570,
394415,47118,
1032234,1069,
310217,27968,
2097706,16105,
735863,3016,
37667,26757,
1101309,16105,
897668,9661,
135764,732,
255033,7083,
464218,6289,
1188009,800,
362422,3299,
681283,5071,
74475,9694,
1421323,49341,
2097531,5334,
17453,929,
444464,8635,
1728054,1258,
1078241,20780,
1803226,6567,
1466020,67786,
635299,2094,
63664,7270,
130028,1200,
17808,11397,
863294,2648,
323683,7372,
86886,15652,
1002694,9406,
163510,17947,
1363660,39035,
345442,12973,
810230,12294,
917516,2177,
1685511,823,
935488,8077,
960307,11191,
1823382,30122,
505018,36943,
245198,58103,
1194559,22299,
90437,31397,
151599,52581,
1654522,3117,
259447,20722,
312518,3696,
1596161,47118,
70127,13595,
921462,13879,
310329,912,
245709,19394,
314821,3457,
769381,25228,
431081,45099,
385869,14947,
919498,13311,
311134,4495,
1473405,4062,
977219,709,
323540,59928,
56962,9793,
390826,579,
312960,940,
524526,4186,
1275045,311,
547553,4930,
613353,678,
293536,2008,
380782,406,
171397,3678,
312012,5304,
14057,9335,
2031239,1162,
258000,1872,
1327270,7401,
226160,1979,
1434420,2953,
1861863,934,
17604,16868,
1143273,912,
898664,37893,
719285,18041,
2017853,86747,
53939,23140,
178897,1794,
693135,28896,
1076330,18052,
97083,6,
1158167,44366,
1506752,92192,
1612358,8566,
860214,12925,
620335,580,
526619,21436,
796519,561,
1005565,3466,
665135,866,
83426,7261,
535303,12836,
1130518,2936,
92400,14715,
994564,1052,
911590,9221,
1105803,17108,
1334484,2963,
981916,13324,
1057056,679,
74648,16049,
1104869,7203,
165534,12101,
125086,11883,
1856121,9664,
228756,18934,
137048,7243,
15372,15478,
322148,4465,
1481223,77743,
594921,22458,
323490,3264,
490763,9591,
1610589,5735,
522453,1455,
1532815,15022,
1514709,13149,
620387,15629,
187873,12718,
205996,4707,
1058341,6660,
414158,716,
611128,3548,
519272,19096,
341992,33104,
273363,56702,
1237351,2273,
188207,9,
947358,29244,
316252,71807,
590172,9996,
599937,42469,
367625,2841,
136776,21600,
1010959,8447,
1061824,1702,
2116077,5603,
1889896,5037,
1396578,438,
1427440,8454,
553258,3078,
351466,1282,
1887730,3362,
1191994,26015,
566320,78349,
757948,12987,
719952,7753,
127394,4377,
189714,13329,
903953,38082,
396163,72651,
737565,7040,
279114,5419,
336379,10549,
14802,2365,
722314,7753,
1884678,912,
852164,1218,
487725,4725,
1941680,114290,
337020,19666,
1530150,18231,
204035,3991,
1481690,35971,
545429,25611,
474256,9214,
854865,353,
250263,19694,
16755,940,
1158619,3064,
1477721,1350,
289148,3296,
152116,1982,
1194138,1195,
985795,816,
547527,6750,
1989762,888,
895939,31340,
604101,428,
863089,60355,
899331,5422,
89806,5570,
1971947,1989,
243084,22371,
301780,3884,
1077655,28301,
390035,7411,
693135,7692,
661484,819,
654990,1807,
504657,2862,
1046774,2792,
198514,6740,
900013,1807,
1612643,1008,
276344,11215,
312061,58301,
1410121,17600,
794862,16858,
1217727,32143,
352762,2265,
1671403,687,
714876,6025,
1339353,3838,
1121571,9432,
720213,3519,
490492,14248,
32433,5304,
1032061,7361,
1656758,22253,
192778,2729,
1663782,13794,
337242,63649,
141085,1054,
742945,6058,
949028,9442,
1663169,25140,
1318569,103523,
377216,1448,
44197,8420,
282362,3911,
75714,1983,
457519,7243,
693587,931,
434627,729,
782633,19831,
154511,818,
527529,3389,
1022953,3481,
444456,32967,
1650186,12153,
1089882,1160,
55720,3052,
26944,4054,
97723,2273,
232635,1982,
832354,8027,
786514,7839,
307961,2862,
267045,777,
310221,1195,
1533300,2339,
411844,11464,
845642,4291,
318119,8558,
59928,400,
943780,530,
319391,9317,
997662,7753,
130131,488,
1981843,29478,
414603,4947,
302465,39531,
1968367,7040,
21792,8379,
211314,23327,
972608,9332,
1617306,5586,
499925,13296,
915550,14552,
420786,8379,
113700,8584,
263229,20412,
149660,4578,
1466651,56404,
245839,413,
1979390,6758,
1577291,3195,
320018,14011,
862611,32867,
1275301,3119,
130313,1218,
443532,5203,
1222144,55001,
1635936,12754,
180,609,
100746,5566,
137309,1908,
1159035,2716,
430312,19437,
888210,1711,
116293,6182,
788003,1411,
1285875,34166,
1911469,24152,
1775,4056,
65548,1970,
741349,8329,
1511049,47688,
1373338,22723,
327431,19825,
1118700,2219,
95705,22366,
1147839,3988,
2002020,23668,
221910,3621,
180268,6727,
137309,18421,
1021369,13883,
702408,6746,
648187,6180,
538565,1065,
863261,14799,
1272789,1087,
1548303,1626,
2113754,48956,
197460,58965,
127134,1787,
323206,71974,
1926270,14368,
390336,26,
740121,14770,
1485525,8743,
1081374,3934,
237648,707,
153304,22023,
1337454,13489,
632355,11263,
2139511,3078,
1622735,2716,
829817,12005,
238505,11426,
1113080,4674,
2097494,23046,
33733,17507,
648089,14559,
502854,85603,
72190,10194,
228909,5452,
664417,1129,
565462,9905,
456236,8582,
1976328,1091,
300050,43858,
1281724,7920,
851026,5337,
2039730,4246,
1256491,18278,
657587,7934,
270662,10249,
548068,1942,
1947372,16457,
579455,81158,
416273,1469,
173362,16655,
27832,3203,
282934,3779,
317581,5422,
158343,1701,
33480,25298,
114655,7955,
28943,18705,
230341,14815,
572806,14057,
147620,50457,
380670,1454,
140265,4362,
614788,34312,
134322,9905,
16468,11259,
211084,6747,
904188,45098,
1241538,75180,
553,1465,
1005365,14500,
469193,2408,
151854,52634,
1346142,4465,
399173,1787,
495072,935,
137330,50642,
66898,401,
325218,283,
503290,7594,
1155605,13184,
322266,907,
132287,12442,
975117,27143,
273118,789,
6412,9428,
311524,32145,
573257,12302,
1658175,90517,
188482,4282,
492111,6131,
69889,2921,
29326,1424,
1610672,5802,
250349,1191,
366598,19822,
1872087,99504,
1337486,7850,
2025201,19550,
548151,15414,
330085,9624,
904865,391,
594,1677,
961810,22283,
298331,41780,
1628133,709,
897064,963,
1786586,3418,
1058107,916,
658269,676,
71630,1711,
976578,31617,
195518,10279,
1685786,49037,
130114,13838,
219368,1289,
273114,24600,
1220261,1125,
1096065,52687,
40140,3062,
467238,12772,
196948,30957,
312066,1068,
89840,12201,
1931979,16313,
130803,4711,
1981617,15734,
126112,9694,
1795218,7091,
692224,10512,
575518,5683,
569387,43739,
113273,1220,
422027,2323,
666997,49161,
255882,13698,
1940535,19968,
504657,24778,
1359393,20341,
1526535,10228,
1068857,3697,
1507931,1348,
237907,4710,
227679,2401,
819793,20069,
248105,5702,
968556,21078,
323969,5683,
156372,14715,
1088307,15251,
495203,16268,
177484,14710,
763535,2669,
322306,5250,
1235346,49979,
1011411,6868,
35362,4627,
438472,28396,
901529,18159,
879583,2044,
522329,868,
134964,23051,
491985,51997,
418808,4710,
3081,5880,
273721,1282,
309489,70965,
129910,23128,
1795815,764,
321536,31601,
39922,19977,
1048989,5840,
550277,18913,
390035,1905,
676905,74706,
52810,9074,
710136,8964,
1682623,3552,
5877,9019,
1645659,9552,
2109638,5406,
547472,379,
1987515,5882,
810395,13321,
437325,302,
129933,8766,
1238224,17371,
598659,1247,
1187633,38118,
858963,3951,
506668,9739,
1660527,36177,
57859,1626,
233617,26766,
1323661,18842,
36846,13616,
1156717,22674,
1209344,34082,
1885226,2951,
1039124,16580,
1218037,7866,
351379,934,
99654,12425,
165397,818,
72217,3375,
614719,6512,
1753971,907,
502143,24590,
10262,9221,
615207,612,
9437,1196,
784941,3001,
530273,14122,
497498,2717,
18348,1644,
100970,20639,
932739,17844,
53699,19494,
197759,19376,
898661,26437,
979728,10203,
661747,5182,
433372,27604,
1769110,16009,
300340,20500,
1190035,13209,
1128079,70974,
143426,12912,
1480981,23309,
642288,24798,
49251,27705,
1312950,24735,
1019519,815,
1668307,683,
251108,256,
245687,8534,
57577,32755,
1348146,8255,
282917,1558,
118036,6120,
2054613,10122,
595702,15697,
224034,381,
163790,13413,
1090244,8120,
311160,7614,
290480,5606,
13300,3457,
1289171,3031,
184812,3073,
1023019,12770,
553789,987,
1254783,14851,
71179,419,
1887080,23533,
1081829,72768,
371077,1399,
1267202,8379,
1804506,9591,
676854,8856,
346816,3311,
442231,4484,
2046808,10849,
998338,8000,
1976328,17619,
117583,3170,
859337,15881,
255078,1731,
1439386,17796,
1186382,12966,
1481525,9661,
240381,212,
1325353,3965,
1668255,7483,
183317,57218,
581790,9904,
432532,4505,
367868,4117,
523676,12622,
1399615,9547,
16260,16114,
1106686,22888,
27184,22266,
182121,6255,
29162,1455,
49312,988,
1316053,4940,
517518,16265,
1666916,5813,
1156569,1388,
90959,3062,
546962,7165,
112114,45300,
108585,7075,
1180217,823,
1402580,4507,
114257,7612,
657478,18413,
1793730,88189,
933253,28960,
720192,419,
1036085,6325,
1049334,1794,
6393,1366,
27817,1702,
384329,33122,
1058203,37346,
33207,17605,
1007642,6767,
2031372,16313,
165810,54823,
547587,5729,
770160,23123,
1514875,3092,
316241,2411,
1063030,70638,
914104,2948,
59918,2415,
1665349,19375,
599751,13585,
423431,2992,
161185,8122,
28521,22826,
322164,4282,
274974,25134,
263338,2166,
1980384,20683,
195396,26,
1884743,16056,
1703245,6110,
518390,7643,
460078,579,
359012,18858,
771055,1060,
22069,6428,
706841,8322,
226925,546,
124430,47623,
1454844,441,
22247,211,
29532,3952,
637532,19484,
1296686,22192,
1619975,15535,
251955,1713,
1049185,63065,
315911,1128,
282365,43572,
321135,17815,
303658,4552,
40606,3548,
292771,40987,
689405,18375,
719285,2946,
524424,13117,
242880,4002,
1258,406,
1711887,1133,
497305,10862,
1205797,15882,
16125,16029,
89152,7955,
548966,16743,
1022956,913,
1785437,9221,
1328563,39479,
17261,11426,
687324,13781,
123927,3296,
810432,49042,
1513947,51294,
960085,3944,
1558485,580,
475720,18482,
903245,9017,
134227,13515,
724043,12070,
328647,35,
1925491,9736,
48962,2862,
648089,928,
319051,7805,
1460587,1011,
1984783,21376,
2089190,45128,
136372,32821,
547432,20339,
134269,2792,
663146,28668,
944076,8665,
397983,7703,
40084,1456,
147570,4055,
314402,7698,
164583,21243,
1981703,7167,
495262,63714,
346263,37086,
897300,111,
512136,4711,
510726,11426,
388926,6053,
826194,2271,
508771,1459,
1652475,19482,
44874,2603,
1231114,5686,
1296265,6229,
44444,57,
899023,96,
395811,1117,
532500,11528,
179008,26907,
225911,1805,
897952,27334,
2010577,21279,
182250,10990,
1526597,9014,
505716,12978,
1724657,21161,
446231,3000,
129672,45120,
1884063,7056,
464737,5059,
245415,412,
851277,18032,
606544,3363,
1924541,28297,
1318592,16548,
898989,18940,
454529,7265,
1836985,6836,
502546,19765,
635250,11868,
597614,24183,
162883,1787,
125654,3937,
1629867,76893,
383197,33140,
902404,1830,
34241,9383,
1027850,687,
766833,40643,
993697,8268,
214156,1979,
1083251,19442,
350292,19467,
902615,23517,
1241102,4100,
1084066,35348,
1918340,2234,
876607,2323,
882949,818,
597687,5344,
476390,38875,
1245311,1459,
126562,14628,
301812,303,
933312,36648,
389886,3400,
679731,51810,
351379,3001,
1106247,1187,
588987,297,
2055129,10676,
784128,647,
562258,3678,
531312,882,
497239,25831,
494388,150,
1514361,8930,
1030666,683,
132490,3990,
620297,580,
1685590,2165,
1347238,83828,
185768,7368,
774384,6724,
589587,8389,
100022,1453,
884485,5422,
810797,20766,
116775,254,
823083,13941,
792224,1160,
1878649,935,
742962,24183,
2037689,11354,
317892,2954,
188759,907,
1172337,5350,
566240,7893,
774082,13907,
468408,381,
888116,3195,
902675,1697,
602675,9794,
313212,23010,
81483,7956,
429643,5345,
578420,17263,
609845,3854,
112063,26751,
510002,13523,
310133,48699,
491849,15793,
1171469,7840,
111116,5420,
470199,27778,
543508,75284,
1651736,2408,
148784,1264,
71898,25701,
33447,18844,
250995,254,
198514,59101,
18345,5062,
1794667,5519,
625690,12761,
610637,435,
1696532,64535,
356716,366,
624393,14296,
265738,3989,
279843,3215,
395438,30883,
465094,11575,
1300854,18313,
40338,6303,
1968098,63654,
231241,22371,
109179,8028,
312629,71351,
495043,16478,
124502,11027,
748577,68618,
1434566,22101,
2097633,23332,
215715,419,
594907,32514,
1482543,413,
1551626,1212,
313366,691,
796639,1191,
152760,34490,
919505,12250,
240928,1330,
2014462,16224,
1530230,8538,
557721,7052,
509696,5683,
1417566,729,
303381,5050,
10309,8179,
140727,2877,
323589,437,
301370,2159,
137825,484,
1728753,2862,
929077,1965,
320271,11957,
474862,33300,
954878,12005,
856588,13737,
1811193,17068,
1536499,59768,
795217,20171,
1353094,7261,
358416,75687,
389577,8448,
292381,9905,
856984,20963,
26438,922,
1480925,10228,
2136436,1440,
606549,9662,
706333,2723,
445268,15147,
1541124,5566,
766723,19209,
305816,37178,
375030,76955,
893201,2472,
559089,23508,
654917,18535,
106418,1814,
652932,44973,
176660,5011,
1751163,17547,
185260,13315,
477207,3960,
56962,3131,
318168,881,
1482926,3937,
338398,49982,
1671276,5213,
528720,8533,
16468,2792,
1527225,16340,
2130604,23029,
298479,813,
194335,14926,
1373338,6069,
527966,6929,
1521471,39251,
468675,4041,
204227,4790,
1194324,24098,
300139,70059,
298237,3555,
1085555,4706,
1189155,61672,
155162,5294,
1049130,6188,
228627,22074,
558247,38162,
1558638,3408,
19249,8094,
1627618,7529,
281934,8856,
444361,20235,
1972240,2861,
128236,22539,
545385,15343,
2048421,19755,
202958,5710,
203074,1128,
262184,264,
90994,35095,
1795405,10509,
389962,26,
226367,832,
414482,9486,
1101649,7409,
321077,9905,
76782,434,
2140268,14384,
1453651,20438,
265412,3344,
1439384,1800,
20183,15246,
72374,13185,
889016,18614,
323350,5634,
970969,5039,
1598433,3399,
1204476,178,
1667928,6127,
22824,11313,
1194344,4680,
572788,11510,
1495396,49517,
1898083,7052,
431775,6131,
535591,87492,
1046641,1461,
439911,81373,
369607,3384,
688118,438,
2104427,41091,
271618,2056,
116775,3204,
924611,6759,
1663552,9359,
474969,7008,
409788,2482,
170393,2286,
29196,4597,
1730217,785,
8449,11023,
298232,25148,
285043,10373,
856111,928,
313789,18421,
448876,23132,
148187,9665,
77274,13205,
493933,6632,
335656,32870,
150032,31815,
587072,38910,
107810,9793,
1215898,22365,
89585,40775,
234262,12769,
63828,5469,
836742,96509,
733648,3129,
317814,1707,
151308,5212,
1324128,14333,
313097,19488,
1298055,25205,
1716591,6622,
1046728,4377,
52852,10509,
166162,2687,
59572,270,
2012807,3466,
289986,2775,
78014,3118,
646666,3953,
323969,18614,
1084603,30914,
20396,18530,
761694,4186,
152952,12425,
548091,52863,
92400,13783,
1047138,10355,
314610,9832,
15933,15895,
3904,1643,
132747,3892,
995562,868,
836367,931,
85747,3176,
103674,32712,
1530150,19299,
1506579,8636,
456330,29620,
85,288,
1142397,40989,
291524,5814,
614788,36339,
2015629,707,
3407,2856,
1699782,24604,
594713,40987,
589899,21486,
119208,1707,
946730,10005,
1194239,15734,
130587,3589,
5933,2862,
1534700,5420,
1157252,1006,
60074,6750,
1003567,3315,
797210,14296,
491891,22304,
1547650,96445,
1782820,5054,
18531,8564,
1698286,13776,
1175525,4632,
968846,4482,
670283,1239,
1047101,2470,
254608,17107,
1482524,6759,
1439163,165,
256457,16356,
1414330,2674,
1133456,1371,
737765,29679,
4416,7615,
537465,2364,
523252,22288,
686961,3929,
198840,5716,
311096,7203,
311928,24760,
269923,1193,
169088,16067,
904061,2673,
1389490,32119,
801251,99566,
1272329,18935,
580366,935,
985890,12436,
863305,2437,
546404,12229,
1883836,912,
693699,23037,
69579,1604,
1983230,913,
502791,3692,
168164,3057,
1275483,3299,
535429,13490,
1308821,2497,
1121471,3554,
1512335,3238,
495072,413,
582627,8127,
1856070,30906,
463925,82982,
179008,19822,
641897,17840,
1784531,4097,
57201,429,
1239780,7082,
888241,16470,
1394703,2992,
1981697,19254,
22266,15147,
593899,800,
1087144,4674,
1591443,19407,
261064,11224,
1250038,26888,
5329,5616,
1634852,67028,
221598,724,
1831361,12502,
141321,22751,
1127785,44890,
1895877,2286,
151210,290,
353035,6759,
219357,61632,
706525,418,
121803,14484,
575079,15173,
129906,1130,
430310,8658,
441212,71675,
784356,33661,
1316506,928,
1028058,5635,
357919,38205,
899192,1199,
1095447,3838,
544668,5422,
21838,1020,
25719,9862,
140385,353,
245455,55642,
203193,18701,
316224,4035,
982650,6227,
703128,7955,
1807138,32421,
323135,8379,
549993,12369,
33090,4407,
1887596,1448,
127202,1226,
693625,17099,
277641,14986,
1489839,60778,
1558406,580,
1237304,13283,
293919,14774,
1047068,212,
64635,1442,
1440758,15182,
320117,3963,
130061,16338,
1251713,818,
134996,14174,
190363,14333,
599922,5422,
1314526,7835,
982280,1383,
494961,17166,
879556,23128,
2054974,1459,
188871,297,
361530,5295,
1393624,12836,
302618,6566,
7529,10328,
170539,6610,
594,1701,
518432,10653,
309879,25207,
1404385,710,
1536907,1485,
54375,20383,
301481,15371,
396687,2286,
114999,0,
1436967,8122,
259087,14154,
608125,13319,
1441309,23038,
1375997,7545,
346650,21851,
500518,3296,
590380,1207,
357193,12754,
234395,12444,
1003784,6230,
923748,12149,
600316,2603,
863144,5062,
8372,1294,
896764,12987,
956383,38589,
22985,7059,
438422,3055,
876610,3344,
439013,824,
1070743,6659,
298219,1074,
1189954,7681,
2107462,3954,
1704472,44079,
57401,13410,
371370,36396,
526224,1649,
1739202,5345,
1147495,48956,
1427863,400,
312960,13612,
1399128,18705,
402813,1626,
148753,4465,
1748267,2792,
296842,4518,
664503,3107,
1427757,5491,
867236,25889,
293307,32524,
42812,6205,
883609,1502,
1835023,24860,
567358,5805,
548073,17431,
1414389,353,
261395,19281,
1243188,14122,
321536,4377,
29581,626,
1107330,7675,
1276318,10654,
711024,2841,
1819519,4677,
78076,1195,
1024102,11382,
2139025,3962,
139767,130,
1360516,12384,
283424,14122,
129853,48646,
597462,1456,
6685,1909,
169706,2672,
36763,1982,
249649,2081,
1469208,2709,
1003784,7618,
544719,15651,
180625,621,
112312,3698,
202958,1187,
47658,1114,
134345,22900,
1348704,907,
32110,3522,
301669,50440,
1394786,2000,
733017,3664,
292876,7101,
495142,23049,
137340,2864,
548192,57,
255956,6587,
311045,1502,
240488,11476,
160841,928,
275939,5353,
125213,3212,
740458,621,
438,1184,
441237,79571,
567358,20683,
1500535,5484,
1667791,745,
522329,17612,
301427,832,
1606265,15432,
1482841,2390,
129838,1096,
389552,1399,
69920,24135,
1591289,10810,
227206,21337,
50558,570,
107204,19716,
293385,531,
78009,2936,
1255169,4631,
1499085,43780,
1028058,6727,
2015101,81269,
284461,6630,
324469,11775,
1579325,37554,
535590,87483,
2121264,8995,
468818,484,
404792,816,
1304579,45202,
62197,7054,
129823,1564,
842705,11406,
1981639,45284,
143514,51483,
502121,4570,
809412,4474,
63249,270,
319317,210,
427541,35269,
510888,761,
1351569,14704,
502821,5989,
683436,6893,
645360,20005,
400736,2323,
507673,24478,
139394,24089,
1979339,6824,
893032,45827,
410203,794,
700994,31059,
884325,773,
66717,7372,
856681,17558,
553258,5351,
666085,6747,
1644712,3352,
1911469,19060,
10248,1860,
127486,6,
992507,47348,
91843,3701,
1884001,14500,
1886120,27188,
1102664,10486,
1981617,7283,
2043204,16176,
543580,11466,
736439,3843,
1125783,9294,
484303,3548,
609983,45431,
725522,36667,
122130,19848,
1825965,2370,
513495,3015,
1284007,4597,
200218,3122,
1696532,49425,
490740,3590,
1163729,52927,
208640,4167,
741167,29400,
420304,27108,
107204,22674,
627711,3768,
35566,1291,
318119,2048,
273806,7054,
693818,3119,
1955189,10295,
563886,12823,
492493,3884,
1930991,1765,
48787,683,
4090,1905,
13949,14652,
1736543,7304,
133830,12970,
652382,1187,
1896694,7351,
1413798,32194,
1454127,13493,
1099554,5634,
523603,9662,
795853,6244,
732913,2415,
1060003,2671,
766659,13117,
27297,13758,
1543820,3381,
678916,16105,
779564,9480,
501813,16343,
19692,18142,
261087,12353,
1325476,14619,
207681,23809,
1164140,45336,
132262,463,
767869,1087,
718272,9387,
1453766,23318,
2041834,64838,
985890,56639,
1171863,3382,
1258,484,
115599,29699,
570119,11964,
793994,2286,
1453766,78157,
786728,4100,
1123356,20152,
665106,8094,
1036810,26394,
277421,43620,
833602,8235,
129354,5586,
1790813,3697,
288197,14721,
555896,12326,
308623,2425,
722769,0,
29131,52,
310370,14437,
911686,103861,
1861487,23360,
467913,64435,
899781,1320,
1482440,2933,
2042562,5750,
893032,2389,
1354380,1979,
2073688,21060,
281515,11241,
310055,545,
74755,3220,
33102,420,
1337209,1373,
1983230,7934,
1024503,4483,
443532,14317,
525798,5538,
925211,7453,
135403,46070,
1253064,7159,
1024102,10512,
1890244,24919,
19611,3457,
2139281,39263,
810797,377,
547527,622,
716534,3904,
839287,21230,
411404,1461,
1049814,10505,
31504,57,
1236991,911,
116626,676,
212833,46147,
309266,907,
571698,4465,
311207,50173,
1424481,12622,
858487,17096,
2097748,1320,
84008,1185,
187672,12137,
319324,21887,
1756660,7955,
1088123,223,
129866,2232,
155466,50991,
502044,16135,
804415,2675,
1039831,1911,
11399,6532,
216176,8179,
63461,12446,
432862,798,
245751,1117,
127770,3195,
562,1503,
919498,15032,
236671,28967,
191077,9,
705245,3937,
325190,7136,
1085674,20289,
295382,484,
1154586,6100,
19173,1282,
413288,684,
112543,3959,
540627,2081,
160827,398,
116264,419,
102336,25021,
1356901,580,
1271448,1477,
129171,6455,
34046,1448,
129579,13526,
1713055,22612,
337943,44582,
851450,32553,
32838,16313,
398263,7409,
15323,353,
196656,3212,
929077,8000,
405344,1161,
915890,12380,
1125234,9591,
693430,15345,
452079,22340,
320615,40329,
1483740,2129,
300128,1008,
102336,27577,
124942,5621,
492235,8351,
133960,7390,
2031473,22331,
147747,7921,
1455024,7302,
1259094,53688,
1885299,7709,
585219,10486,
316717,1076,
770858,2603,
244234,5028,
431090,907,
132237,49370,
1862015,55625,
1884211,24053,
85776,20152,
1060003,7736,
110678,118,
97325,7372,
27200,19765,
116848,46272,
1654237,22744,
1712296,23786,
230864,49776,
356010,3889,
873260,9060,
1831393,12777,
544724,1548,
1127784,9140,
1521929,4246,
1911496,6642,
112072,13691,
658218,46042,
1049130,1442,
868172,1502,
1174967,63847,
13678,14517,
380555,7582,
70502,6732,
42786,15611,
1410199,4055,
214451,2376,
783204,2664,
981049,6679,
245018,6100,
576381,181,
116441,31668,
1536911,70041,
1722125,9548,
33447,10228,
198684,12771,
132490,19694,
1406630,10203,
637530,7052,
60961,33677,
151048,416,
1905283,4567,
831042,25099,
803136,9215,
518040,38476,
354786,54904,
1755084,18017,
190397,7447,
1233775,34122,
2195,3847,
251108,3195,
705104,5745,
1482178,2411,
795155,14998,
548317,7519,
277185,8842,
61709,1112,
679993,21406,
2076693,6424,
1166887,4307,
137040,1284,
741377,5570,
1245423,9904,
1237769,6746,
1006472,15698,
1748815,62046,
361557,54207,
124779,3099,
502821,17229,
520949,14569,
63374,2766,
2075798,45008,
1185576,7361,
764350,13794,
310217,48268,
313710,9274,
1821401,1087,
1194324,353,
598079,14891,
1044694,53869,
1190057,6747,
120277,35867,
589911,51299,
303810,230,
772551,7928,
280000,5543,
1887274,16912,
457167,12346,
625085,2834,
42343,928,
796415,1367,
287237,683,
442879,81574,
75718,5438,
674072,20462,
140660,163,
709753,4505,
18386,17431,
1118259,7447,
851286,3934,
1156962,3547,
209399,60493,
537859,5802,
3911,3934,
708364,2129,
1237125,13113,
1002983,13840,
1316822,17972,
776413,7581,
1318426,960,
1024080,10823,
1550333,2973,
390063,69251,
706776,420,
329883,8582,
775987,818,
683295,8420,
1898085,16722,
791549,49649,
719022,12593,
741434,9883,
39924,3005,
1133991,57445,
1483542,1067,
1281724,1649,
271804,794,
1985346,87610,
2139016,2834,
359440,36743,
457167,15147,
555791,10285,
954912,2361,
547472,4982,
42780,2643,
890003,23937,
129869,5620,
1374546,13284,
869115,437,
940204,563,
952099,105223,
1993427,10630,
137001,9547,
438520,3119,
897926,8077,
597614,11028,
123654,3400,
173418,9989,
301003,7136,
545385,9950,
1134681,56940,
979030,40924,
230712,961,
373303,647,
414935,43895,
1353506,15194,
180721,580,
105965,882,
1047844,30466,
518363,4698,
984803,10968,
527332,6131,
1918340,47670,
457483,2389,
256539,7123,
1142,2909,
635382,7082,
2139137,51297,
107496,3695,
318736,6492,
679381,15903,
1515198,928,
463857,36470,
1735575,17982,
317294,977,
1316789,20084,
1228096,14784,
943731,12832,
547530,8571,
993276,376,
216176,2364,
400390,1642,
329541,7849,
661484,10179,
17826,17034,
318740,1247,
620327,1066,
696774,25477,
829355,3889,
356944,264,
1003575,7519,
397414,4222,
136704,7788,
1384973,14927,
206605,60147,
1048718,1706,
1759098,8627,
2048841,13794,
301306,801,
2097780,14524,
796520,1201,
502301,23783,
2097479,43669,
2640,1911,
240488,25919,
134522,611,
1687383,12088,
898897,101807,
1051199,815,
140447,16071,
902358,18691,
1097361,684,
1979419,5422,
126350,2415,
75852,413,
273206,438,
750818,1179,
2088972,28770,
976615,66811,
2138988,19140,
351355,10699,
29428,2421,
892072,73545,
428804,1096,
1145380,7040,
263132,10140,
1671403,23219,
1206791,41412,
678066,48991,
629662,6578,
842678,945,
1157050,977,
140451,8881,
857901,2775,
898464,16106,
1211155,22850,
658255,65473,
1898083,5488,
121859,4475,
1979386,2862,
322737,8489,
448836,10511,
1487375,24853,
441526,46018,
136864,16907,
369812,17086,
116320,14680,
152104,4332,
1212142,15353,
314800,2646,
1894193,9906,
47091,17106,
1806341,13322,
719442,6567,
808349,67575,
359285,7775,
1300599,8929,
860085,70169,
12508,4377,
125654,5568,
648510,6727,
341236,18283,
1635776,4689,
322164,6283,
67444,14802,
179609,8642,
1720167,5635,
1175685,15984,
340209,41624,
125488,570,
402815,1014,
336958,14327,
1283865,18922,
1954876,34063,
125271,818,
61951,7503,
258167,5781,
64671,14829,
6617,9592,
132489,3457,
407602,530,
394070,3094,
317294,6566,
423901,1823,
75130,35507,
108856,44613,
409254,19703,
2097839,11957,
1170289,8179,
1085577,14564,
937196,3915,
457141,8420,
343665,5344,
1281878,3092,
898984,31606,
764074,14327,
2097839,30921,
95952,16014,
1439531,8084,
897903,1165,
318652,11411,
221562,1959,
1664061,23060,
645081,86984,
126334,6,
574345,17566,
245256,3380,
1589903,13792,
2118942,9442,
595702,1402,
389320,5683,
314253,4679,
69139,17099,
476206,3885,
1018431,2815,
356763,47080,
130038,9786,
89152,3560,
901489,10144,
491410,45284,
127925,2992,
126770,40313,
229689,2269,
1639888,11442,
206587,928,
509876,13254,
1596161,27110,
193193,929,
323771,4422,
1074634,928,
278935,16962,
277303,1807,
723424,1063,
1659919,20265,
1771048,8627,
123539,1459,
223263,10864,
287186,22456,
487934,7697,
754939,97941,
221848,23280,
442665,17221,
37952,11476,
789799,7139,
1618793,18032,
173418,11171,
1215702,5894,
110307,1905,
484002,2472,
1597445,10652,
312949,7058,
568282,3831,
495840,3016,
782948,13992,
1045331,621,
210066,18596,
522328,7771,
225218,62321,
473924,165,
264625,935,
390882,26,
1515198,907,
184385,13998,
126105,264,
194595,58586,
612711,24594,
17349,2953,
185781,4023,
15560,963,
22024,5353,
535224,23195,
301292,74,
819112,32090,
348516,37688,
1730217,18578,
545137,4038,
266283,55949,
655073,907,
442665,4102,
1237600,19806,
386700,7594,
104115,2736,
1536922,38633,
160147,17257,
1376213,7934,
1085707,15771,
657,1560,
1324183,2603,
1644968,2168,
1902435,32941,
614426,848,
361315,1032,
1855393,51424,
71179,3522,
637530,8162,
903869,49389,
642201,12294,
1970459,42934,
121863,2685,
444422,8248,
813197,9480,
827650,15353,
620339,6069,
175762,1455,
95102,7970,
22824,10440,
1779138,6578,
474583,689,
785683,33449,
724693,2623,
307443,2166,
1749040,12966,
235786,12832,
1207201,23067,
851223,909,
897347,121,
200365,5488,
225584,1837,
10248,1091,
407658,4349,
186117,12880,
171102,3690,
444832,61588,
231812,43575,
1755084,4117,
21945,4674,
384668,15384,
99201,2485,
264810,66627,
574621,9882,
601704,413,
347553,1982,
884343,7092,
1991447,8965,
503848,5488,
1600876,17803,
1941581,438,
129853,32524,
16053,1853,
73020,29937,
1175425,17108,
86886,16908,
176953,411,
846316,96482,
1061333,33108,
1625766,46268,
62169,2056,
600141,47600,
20702,12495,
438140,10935,
294504,31370,
390164,13335,
555486,2745,
427158,769,
1087900,40125,
612096,5633,
1275584,32114,
1896429,47315,
1029741,3195,
894151,1335,
198236,12777,
1825944,25701,
1085078,2815,
352993,2967,
2012809,1193,
620350,33,
292546,1502,
1979366,12840,
25626,5803,
445569,413,
646001,2862,
520946,14440,
84210,2828,
837297,7002,
1474524,8179,
187262,2558,
645982,16580,
22069,4043,
1723070,1461,
124144,1063,
651037,5481,
870365,58924,
482936,3129,
1279341,2026,
232452,32699,
801251,12358,
1087662,2164,
1275604,1448,
1536466,4852,
706930,9305,
493911,18431,
967656,3849,
1778648,2083,
420569,1087,
283379,28617,
1175425,6904,
1122620,12369,
1492634,3378,
781386,928,
409568,7203,
725133,15251,
1115421,1400,
282807,15651,
2049389,13705,
676925,34720,
34073,7040,
358622,2721,
93880,3522,
429186,1992,
1318708,18949,
1755675,4674,
476203,2714,
1086140,12657,
1254783,9803,
12337,8832,
2031372,16313,
213665,8963,
390076,1063,
467247,53177,
900368,4246,
1979319,5687,
897368,940,
855838,548,
64594,888,
245435,13870,
305330,5354,
850582,2129,
157523,14609,
771292,1334,
136774,50358,
110659,7662,
915887,8262,
98711,2177,
214897,39515,
1883727,3381,
127789,5491,
961723,5484,
1033885,1455,
445705,2638,
1690886,17488,
450522,2022,
1004677,33108,
346670,8404,
1803097,3845,
9040,2286,
2057594,3830,
1219381,2367,
30515,12400,
127257,48090,
888190,5516,
1589888,30165,
527343,10394,
315061,1807,
2109638,3126,
1609213,311,
1547650,3819,
318628,4307,
84357,910,
986472,3548,
55121,986,
899648,49984,
1237621,7787,
1288639,9361,
1240413,25088,
96524,2080,
310058,4422,
314044,14993,
1199711,4288,
84134,11748,
112327,9,
1885929,19299,
632351,5590,
150777,15929,
1472992,7816,
1526885,11987,
32399,8248,
857843,30054,
255882,19037,
12258,8488,
654990,26301,
410143,14369,
1974730,7674,
676100,2723,
148734,14186,
1739287,5722,
44347,1791,
243084,6913,
902213,776,
648121,986,
630781,11487,
354047,10122,
179062,3787,
354647,9055,
1486941,1052,
1394562,22674,
269374,805,
191941,25120,
1697239,5416,
111321,928,
614553,2177,
1651958,11189,
1394277,52665,
466345,10090,
367875,5745,
213852,2648,
289407,27953,
1632117,42932,
771010,5884,
1212112,1807,
109268,23657,
742620,16502,
28282,8667,
400662,64449,
354553,1334,
1814911,33122,
409254,13320,
122847,21108,
2122235,19410,
1786586,2410,
1521198,10140,
493448,12515,
902199,5018,
874148,42233,
1215053,6693,
1591432,2709,
548050,27516,
35443,3119,
420970,2862,
166081,689,
235346,5352,
695000,2841,
351276,6002,
888067,15347,
744077,3552,
709101,847,
190363,58165,
300340,30644,
1482684,11387,
862483,33811,
798085,28396,
1233336,1006,
1621980,35888,
897308,28065,
1664002,17516,
1438062,2323,
42735,28375,
353987,22536,
489308,5092,
562237,11290,
319959,72317,
259259,2323,
133484,824,
903779,94,
386713,60796,
35409,1043,
1019919,7203,
303521,2802,
747314,2999,
149171,12584,
523713,86738,
896137,1903,
888234,21128,
348087,57,
1161891,13842,
551936,6578,
153060,178,
899480,16323,
126948,7876,
434653,3195,
871966,13419,
598659,15006,
15257,2598,
99608,14640,
620323,17078,
497290,2066,
85779,9841,
60333,1626,
709951,1063,
424954,1402,
1337454,3881,
130006,1335,
603956,254,
1210640,22957,
474037,832,
376638,4725,
1593557,1074,
843413,6518,
1657914,34318,
1255387,2389,
1281860,4465,
843835,6289,
1394229,6747,
74823,1594,
1778995,6964,
488616,986,
251952,1042,
795853,15945,
1312735,23410,
1536193,12422,
1483290,3380,
466184,15969,
193758,21,
474332,4518,
529942,8255,
134246,3551,
743954,5466,
273889,5734,
1165776,24928,
214519,49560,
843108,2861,
32506,178,
89745,28316,
531346,818,
771063,49486,
96460,7545,
248249,2701,
271044,1698,
123945,30040,
547378,1694,
1751228,113549,
1706246,7476,
2044554,11023,
330862,6100,
133944,5800,
654860,93896,
463750,24860,
137142,32492,
722272,1982,
450773,15840,
1006059,8577,
16984,579,
1286760,1440,
59,178,
894590,36996,
316333,928,
825712,4710,
783767,7816,
69632,6845,
137280,6735,
55809,2022,
223350,987,
1524946,20288,
490438,66841,
28747,13838,
600316,2648,
31399,566,
467785,65135,
897004,3368,
130023,2177,
509242,27317,
270150,1448,
390228,2945,
684350,3627,
350851,19701,
313445,1480,
209160,31376,
469800,11808,
640646,4497,
547570,9107,
88273,37393,
1345595,1128,
152583,6366,
429547,4982,
431650,15552,
4833,8073,
595210,7580,
1074828,15789,
569248,14697,
113897,297,
1467581,5800,
192117,17660,
527172,67907,
1469238,367,
30001,23799,
170604,12358,
1455023,2953,
1536552,2210,
70531,29230,
219687,23211,
317700,21426,
542141,458,
63373,3522,
897347,4769,
128548,17618,
165846,23260,
2112333,8454,
1317227,2473,
1826000,13577,
1978560,2944,
223002,437,
601681,818,
704944,6963,
1236706,63730,
1911896,12362,
521706,86613,
1805608,12433,
329883,2939,
132237,24805,
441239,37796,
905309,3686,
559553,13110,
993276,17563,
348516,72623,
653516,86235,
899244,20510,
854373,63215,
160053,3548,
46991,10460,
641344,26405,
414947,17632,
1558230,1125,
347553,2815,
1463951,12070,
169121,1335,
898660,6822,
130565,6007,
1318231,23187,
201721,3382,
584804,2286,
1170281,32754,
1211536,7010,
185781,9322,
197586,4239,
747373,5092,
2034874,934,
1898104,23230,
12301,1160,
421491,824,
547415,1440,
288159,28916,
146207,5800,
1205991,1211,
448836,19646,
254624,5516,
162254,23574,
128062,22400,
311188,12232,
32899,224,
11960,13505,
230494,3195,
885235,4605,
502395,5590,
1383313,621,
1814591,57835,
113105,311,
982225,7592,
1392743,21172,
230986,35238,
1536337,26961,
129187,773,
1779131,19716,
1102142,27,
251942,17912,
167255,254,
188307,18157,
462834,12300,
1376157,2646,
27872,6754,
389291,1958,
121574,558,
1628133,8420,
126954,3558,
414551,3218,
1376370,2168,
170059,55365,
1031662,34107,
1318592,5800,
358706,18755,
116271,7177,
201635,3051,
620375,967,
619444,24410,
639270,3777,
548188,19588,
2014448,13812,
939280,27563,
317691,71951,
481962,4505,
474522,9088,
1481223,14992,
389602,912,
190397,425,
25935,21611,
439818,7616,
37023,1598,
958205,46033,
540418,16366,
12940,6053,
614436,83786,
1127349,2685,
1981637,4689,
29472,20292,
972262,380,
132287,1574,
833971,11442,
1188259,570,
882482,4420,
317456,6855,
1536246,12347,
242880,3522,
207089,818,
3439,2431,
1005991,3128,
676854,23358,
657793,9675,
1392885,31765,
1926673,2673,
888234,5106,
1633590,15480,
313075,4278,
913423,302,
432852,2168,
547646,2853,
1063030,53869,
434621,9406,
1061824,8520,
1243863,48726,
86082,657,
1012719,23046,
1237014,3400,
106406,3590,
1049555,19661,
654860,9215,
204011,790,
105078,32114,
687647,1803,
469477,6364,
1877045,35770,
827945,15004,
204113,52747,
572988,66584,
328682,16076,
12508,13838,
314576,1846,
582465,20473,
867080,8837,
837305,15147,
566240,19072,
444611,4200,
50093,10892,
604979,18813,
46428,2598,
208363,13873,
1722440,9463,
316895,13932,
203772,38595,
1236991,8351,
1087144,88566,
152104,14806,
137015,14563,
1304858,2411,
409387,7324,
597,1567,
431054,5745,
6044,9138,
211314,2485,
808840,19167,
1993427,9138,
1536728,2094,
467117,72242,
810907,3381,
476020,37346,
676979,1535,
187144,11253,
1217576,15735,
310221,1402,
1884033,3597,
119255,19165,
903540,24444,
20187,16825,
1152640,11387,
1346142,3126,
620353,420,
1404572,84943,
94344,438,
390224,2862,
775984,46781,
1309848,77958,
318295,4361,
479379,4100,
2072243,8437,
85636,1067,
262010,23803,
541014,6649,
946055,10645,
1657262,3937,
389129,7335,
302548,35,
315229,10780,
950523,8489,
44444,2056,
453143,11159,
158249,53668,
1536246,1905,
178897,6743,
1036810,13015,
117547,16275,
36996,5251,
1515971,5333,
258000,15810,
1480927,1211,
490834,4422,
1846981,1334,
48314,30265,
900922,13554,
2119250,6727,
90128,381,
953660,7677,
1027831,54583,
936644,3990,
1224228,83581,
430156,762,
318189,30729,
337214,11687,
513495,8062,
73918,14971,
162677,419,
1849104,963,
1981633,14703,
349673,13595,
1506751,15775,
179062,3737,
350851,1193,
444662,4444,
1327527,15769,
188765,3482,
95640,5614,
531823,15147,
343564,425,
898599,10699,
310321,14720,
121491,3694,
1845978,10512,
301780,62718,
131099,21718,
926588,3755,
898880,57734,
930014,8403,
1253405,13960,
1078375,63862,
1175937,4349,
2057682,14448,
206437,2364,
1276318,398,
863140,14971,
1237823,759,
1699612,2415,
1482674,13497,
67595,2048,
1085450,28725,
395714,14716,
1284639,19281,
1125142,22006,
1685481,5481,
1835022,11547,
184905,7391,
6769,928,
1391098,3588,
1235224,84963,
234430,26257,
609859,745,
765251,18080,
151571,2973,
373622,4997,
191920,58278,
411244,3047,
1589251,13476,
686961,43537,
70471,3737,
188353,3118,
1086318,2232,
204816,8521,
1238224,1702,
502139,10663,
522413,15343,
2109540,21887,
23373,17371,
310057,3180,
293311,17263,
330862,729,
2103,4510,
1236354,12335,
416651,797,
1168463,80270,
351869,75026,
1152640,1196,
140973,14614,
357587,4222,
1878235,5590,
1314100,3844,
614374,20437,
1466949,9221,
212999,8845,
502328,36657,
1099362,15044,
1539245,63916,
58128,1689,
1536087,14569,
1256393,10612,
1187265,30644,
284214,14537,
29803,657,
880897,15899,
348585,4557,
873233,1707,
34014,406,
107250,44095,
882970,82747,
82282,15263,
1849412,39435,
482030,2246,
851286,18270,
318766,59643,
1328563,30425,
1884306,8071,
1987614,6304,
706608,860,
1373102,818,
1665984,39967,
503816,34340,
1427810,27125,
73308,4343,
421243,37270,
1040638,3457,
389548,163,
319959,16400,
1373880,4174,
276412,5991,
1097361,14296,
1353917,4422,
18386,3176,
285058,9661,
1095420,14230,
1091839,9481,
547687,1130,
522665,9597,
570014,25711,
1236639,15619,
1979319,8094,
1889896,4348,
1568552,3558,
1036210,49043,
502835,9837,
905053,5488,
1119539,1052,
288319,17919,
1209380,1477,
300050,15693,
1427863,860,
1558511,1646,
1455733,78110,
48954,935,
373339,13283,
245312,1052,
490492,25470,
714923,1327,
858916,10525,
1619237,4010,
1238007,17227,
1387371,1199,
320971,15638,
605296,20341,
156210,7963,
676692,367,
1333396,12353,
266218,11550,
826453,7654,
331371,4136,
539108,12226,
369571,3078,
892514,41870,
73026,1320,
961861,8622,
1133453,10295,
585173,3733,
319124,5815,
901720,668,
559008,3236,
865483,45816,
488224,42707,
286670,2408,
1849076,3547,
178022,4518,
89602,4278,
1224228,23360,
1628493,6967,
443557,607,
615463,22460,
742856,2472,
323094,1800,
114731,785,
16617,16372,
726247,19825,
1499027,907,
992507,106529,
154967,53190,
599913,14569,
132747,14552,
1390892,34389,
475613,55878,
78135,880,
1705937,268,
526617,69669,
1100737,907,
103650,11328,
315127,15941,
1121571,5405,
582115,5462,
582184,49421,
520928,86572,
398570,71015,
1795106,13185,
796070,17526,
489626,4348,
1180224,19198,
1334509,2675,
17018,5022,
129390,32036,
16544,12558,
19927,2108,
1171863,3834,
1722125,18556,
676876,441,
710314,2472,
439365,20891,
900832,353,
79466,57,
1728173,1330,
100556,414,
124765,4422,
213478,30949,
898311,25022,
482550,3937,
424282,17488,
1125668,18529,
897893,38374,
246692,10377,
1523283,45315,
369775,16691,
1236983,2274,
60704,410,
32110,462,
324148,3914,
78113,38194,
160174,46315,
1455023,799,
95675,27807,
657711,2680,
1715680,268,
1123661,21060,
2139326,28624,
639797,11114,
313506,33,
390086,45170,
1653837,367,
709379,49557,
1849046,1642,
742575,9550,
18293,17368,
865728,718,
36996,18375,
474332,49392,
612096,9259,
51792,5775,
86719,40053,
195975,16426,
450607,13561,
110918,10194,
29142,367,
2168,4622,
19761,12659,
225290,6366,
342716,14435,
103043,1626,
598889,37554,
165370,2130,
1974829,63901,
154680,49146,
390862,1702,
1480927,1594,
676399,58976,
261759,13384,
1426658,3072,
77609,5057,
78602,12520,
764658,7159,
218434,7777,
1591933,3733,
464715,49660,
884367,1063,
1953289,36814,
35281,25859,
1795597,3096,
1672870,1191,
128526,13592,
231505,52,
500518,5482,
289860,3381,
1376724,3176,
20396,732,
2097156,6874,
679418,71575,
240568,53917,
1813162,13207,
270885,2666,
1492836,36352,
348485,10295,
1807138,13240,
121803,2168,
502770,1287,
402813,224,
1981697,24707,
496813,4696,
1067729,9317,
280721,36287,
389427,3550,
1731399,10355,
125634,6,
1390664,88888,
1897750,34418,
13679,8548,
597704,9025,
215198,570,
36285,14831,
1439531,1006,
289330,10485,
1569117,2340,
630180,4026,
273955,4945,
392541,6462,
336740,4396,
355972,22458,
102022,22488,
719409,12896,
759243,3548,
50989,11358,
59335,1052,
229773,745,
1700170,1905,
160147,25677,
962313,260,
727,2037,
322204,2001,
987231,9631,
1135517,2815,
740733,3841,
1300497,11935,
1376121,10898,
1241538,20463,
561725,25992,
1527436,3551,
60024,33425,
49873,5813,
129933,1982,
22108,11965,
704531,33450,
502395,4163,
386423,1237,
287640,7010,
490961,12059,
131011,14778,
620341,33,
86200,16171,
324593,13709,
480348,20500,
774025,16580,
807104,484,
888093,6566,
1032110,23525,
1804927,19702,
1135453,32865,
2007514,41954,
1393983,3079,
318295,3694,
389818,31802,
347126,2094,
322162,2666,
1157501,8420,
161681,2793,
1825979,37680,
373334,23010,
1101976,1695,
2086211,34343,
915914,6302,
390811,9177,
1642960,3181,
330633,3703,
76843,5800,
584535,70252,
130787,2976,
502353,9361,
1834146,21202,
2015443,54718,
132133,14400,
426484,4172,
72940,12457,
1206032,376,
37872,683,
1599684,22771,
887836,19069,
37901,35,
581301,5847,
1220443,20255,
606333,2376,
1100442,49543,
1318586,4377,
1865313,91542,
1116677,1459,
971889,7153,
459792,17141,
505382,17847,
2049440,23187,
426871,31022,
2139137,13564,
1696664,19144,
865297,5986,
521407,1282,
1533431,23043,
165217,15149,
1439525,729,
782448,9317,
559089,2716,
500812,5801,
1756846,4999,
1715857,18550,
22639,11244,
311674,7709,
714768,6078,
130407,6138,
444383,181,
660028,3829,
600191,53336,
490900,18097,
123634,6843,
1175507,5986,
180226,29372,
1157252,934,
1668094,1330,
236619,2995,
546809,15249,
651724,3478,
1155008,10486,
283382,1646,
807161,7594,
225218,47705,
609934,12358,
914416,20245,
25476,10972,
354047,15775,
75327,10372,
54314,15437,
23626,20437,
851303,1477,
1490373,9584,
30458,5633,
1803226,35353,
1901231,7290,
238790,5750,
573178,13324,
1122434,21266,
78008,35373,
203900,4361,
1593589,11309,
506172,73438,
1900692,9401,
166275,23734,
1536337,13792,
1162022,13207,
1171672,65718,
158742,57,
219130,230,
602972,2026,
1475071,11555,
1370269,16105,
85403,1052,
1644578,2148,
430310,19069,
471483,6138,
346816,36667,
472463,31735,
594836,10654,
854342,19035,
182282,8225,
1990102,15607,
1351148,935,
1506796,13117,
130313,9954,
135394,3057,
1393058,13821,
18665,2169,
21980,2646,
359184,26629,
109729,6158,
17826,3680,
39742,2370,
1980384,6566,
717749,19675,
578517,18009,
1173555,66477,
497239,38156,
1049555,19549,
29150,27,
1155008,2841,
2001460,9885,
140330,11189,
47465,1985,
570882,4711,
836292,2008,
13688,114,
318875,5203,
248378,15578,
677481,10301,
114999,1531,
1085555,3296,
1125579,3364,
1685481,1074,
591901,3409,
223954,7064,
77805,22849,
125041,935,
13957,1765,
1324128,16495,
316527,2467,
275818,2274,
1533495,1473,
985496,406,
2139370,27957,
1529842,14476,
77446,935,
130131,2992,
269941,12753,
1834146,2995,
167739,2057,
239055,2822,
319350,39393,
2054213,1848,
728726,3627,
22479,1,
22094,681,
1071689,1398,
309780,4591,
28943,18705,
791533,13921,
797074,12212,
279723,912,
183155,9,
710595,1410,
85107,3547,
765449,1853,
1082311,48191,
671990,2992,
424218,2815,
369105,15793,
76799,1814,
1157050,413,
68478,17752,
1548764,9293,
286537,9324,
1889914,55574,
992814,40673,
74823,1830,
1123270,18769,
765161,19247,
389320,18465,
73074,23187,
755694,16811,
488826,29116,
1884743,7261,
663783,8518,
287386,26132,
1399562,10677,
900237,10810,
108405,6400,
462756,4420,
527292,2586,
337214,4997,
5207,3036,
1013003,1065,
864877,14668,
386472,3694,
692340,91662,
641704,12554,
715374,15974,
1282978,79372,
1234392,2365,
1393799,87691,
443164,10228,
160174,4567,
1353506,19071,
1392732,960,
126112,406,
467785,1690,
779610,2792,
165783,1853,
2015443,1256,
163766,18195,
1845522,53014,
147620,10828,
1354055,161,
620297,673,
706995,96047,
346263,69703,
1558229,17753,
443883,4210,
901947,11275,
182162,23047,
1310788,14564,
568282,26946,
463099,1689,
710796,2666,
313350,1193,
2225,4896,
1999466,3739,
1235289,163,
961861,25228,
328915,957,
253507,5411,
1122427,25284,
273328,6455,
330782,10280,
738718,3660,
497143,3788,
8237,2671,
1825918,14724,
330772,64591,
768556,1191,
1077655,928,
50864,9054,
12301,3129,
77950,12201,
2139830,34544,
384409,27870,
902199,907,
282481,32942,
472529,910,
311813,71241,
1012044,16174,
668029,3215,
614500,4100,
1212233,270,
175690,6053,
1067866,353,
676540,48,
1849076,15085,
389577,11166,
138324,36810,
1875146,7447,
374622,302,
2048889,70886,
390441,8602,
38072,3118,
1984955,18831,
215344,847,
281338,19372,
142910,484,
97545,194,
1833468,46738,
260528,16463,
764074,8622,
1685606,704,
49554,6249,
314073,30644,
1458418,56086,
1061333,27969,
1154657,14714,
1262945,14970,
50093,10434,
985687,12733,
253845,4411,
323846,6904,
359961,379,
795276,6911,
693432,10295,
1067540,27920,
495310,71589,
18969,6069,
766723,11291,
1030765,3125,
81818,31236,
1275535,8803,
592940,1870,
36846,2948,
115198,25415,
986717,1194,
577464,33593,
312420,1911,
859574,11328,
1206032,5547,
1046598,9694,
2024366,2339,
277786,3129,
170679,1447,
794050,53419,
1472807,2264,
132289,6754,
563,192,
1347724,9890,
21607,1814,
389860,33649,
456217,6069,
1812931,2936,
141097,18472,
276482,3119,
557721,28244,
1383601,36810,
475079,13324,
684350,12451,
853817,3522,
314821,6455,
42270,6422,
1109527,24052,
803261,1128,
1730144,2001,
1052123,8914,
30110,3738,
104196,1161,
1436967,10122,
139025,3680,
1137238,3382,
38203,1478,
1006354,437,
693802,6871,
127433,5683,
276738,13737,
870013,19920,
684836,23041,
1192695,547,
645487,93506,
292807,2230,
420304,12949,
501266,1160,
390652,26,
272940,11168,
720630,23061,
300044,60493,
2066031,19072,
651724,25816,
212972,25269,
383586,302,
930267,15869,
390289,566,
1136803,8998,
924703,28611,
82460,3827,
1911656,18922,
684790,16522,
37023,2755,
1536481,67866,
72430,7426,
2011835,2948,
1752001,19437,
1068632,8254,
364857,3588,
2068953,13793,
25935,21453,
1700791,11361,
584593,11442,
146101,3094,
809412,13523,
127276,3959,
600941,4002,
249649,6203,
108955,1187,
157619,7825,
1288639,36376,
322486,4947,
522665,9905,
228954,3203,
932074,62485,
132242,679,
113565,818,
648510,4689,
198682,89,
1026705,30791,
1404746,14548,
715990,32546,
137280,4278,
1063366,6759,
205201,3830,
1335258,9591,
1933855,5735,
863122,5109,
30001,1531,
322716,21968,
22499,1,
1979456,37056,
917744,2478,
1687360,1765,
212985,31497,
1748827,12838,
318754,10714,
2097708,16408,
60539,4377,
1170078,10612,
1896694,7476,
1518306,3380,
234602,7167,
716649,9917,
1469219,8519,
87702,40286,
842849,22903,
269285,7429,
916614,17651,
214665,24295,
46654,29726,
1031719,94027,
97301,41981,
163273,381,
463893,55976,
61709,3118,
172690,55710,
899098,957,
423312,7301,
139394,1051,
17851,1908,
491918,12659,
1323851,815,
446712,1600,
108160,271,
37076,15772,
1893888,1365,
34823,4186,
323683,881,
1887636,16074,
733017,17204,
1659802,2992,
464528,23204,
1814911,7529,
705956,18422,
473208,79187,
245709,13709,
127262,709,
298232,27536,
133840,6567,
400563,5484,
706573,49392,
2040761,55385,
134246,5621,
957167,2033,
523481,4460,
192856,8301,
676908,1502,
1207116,4377,
549424,3259,
1126095,47290,
318395,23211,
136128,12177,
314091,13567,
245751,5847,
1494,3607,
495215,10117,
429743,1903,
1377728,3400,
1412428,6895,
844307,74241,
1056047,2097,
1253116,4999,
59014,13907,
72466,6577,
675610,835,
435538,882,
51189,1091,
298219,29289,
2135383,22268,
1235753,59505,
600752,412,
194881,3929,
1856172,14875,
1788429,12995,
312347,71328,
54968,5986,
1435032,6727,
476093,53204,
601747,63,
89815,40831,
750163,7928,
225094,815,
683799,7091,
164583,15539,
1134489,6642,
25476,7056,
335794,5568,
402677,23517,
538959,928,
14753,15071,
1592518,12422,
471108,5334,
229689,4668,
847957,5346,
1731328,2467,
244567,9383,
1717599,928,
774815,1703,
851796,18411,
63744,34483,
288319,50626,
390597,17835,
389584,14865,
195174,6687,
1316368,81,
1699612,6567,
504498,6759,
612142,14333,
528116,420,
12506,419,
935556,801,
1158978,48561,
1720588,2950,
254204,7123,
572087,441,
935673,7615,
317738,4377,
446527,8734,
1544828,1609,
1527436,3006,
263195,816,
1783865,16929,
310229,19172,
225094,7288,
864481,19407,
1988502,6972,
1088345,19535,
1456159,621,
344822,71473,
1125208,1905,
1354056,7409,
1739287,8000,
127547,7476,
350202,2170,
150062,8214,
35096,13419,
313954,3690,
327157,7840,
1237315,9786,
150182,4119,
320368,14811,
907928,11543,
1194138,5182,
3081,5881,
1430935,2230,
1981633,13697,
653516,19074,
594750,75208,
77882,2746,
35220,25835,
723985,5538,
258307,16014,
511813,7677,
2002020,5052,
598616,1211,
380782,2841,
287320,730,
1696511,17586,
655457,401,
1006354,23632,
274863,12520,
162802,5840,
29472,23555,
1345601,9480,
904159,23383,
77922,398,
761396,6499,
1536203,2056,
1124497,6205,
404778,45962,
430815,8379,
1040789,36081,
1119518,18811,
774384,10464,
58336,907,
250808,33840,
602692,6962,
527881,12722,
311810,2902,
1155184,37238,
1245246,11146,
265007,27201,
4234,7382,
1779029,12222,
185175,3123,
2008342,12371,
319193,794,
176261,2853,
328915,10261,
255123,1558,
248723,6759,
197546,50278,
526075,13889,
968770,2975,
204212,23223,
1447196,922,
2049368,23148,
1909864,3558,
796519,61,
666317,39270,
459796,9661,
719094,5516,
65191,6805,
409020,484,
209153,16274,
82268,39034,
1124963,1794,
998119,16265,
1935995,4711,
1333368,9694,
589632,16313,
760206,30914,
1119837,2168,
1558229,4330,
1414389,3051,
736926,4186,
435037,4206,
1299196,1707,
585251,1327,
1201498,5482,
156210,8627,
710463,15905,
153467,8094,
1141042,4459,
1471,2001,
444832,1366,
1491822,2408,
1780849,1847,
1175525,6210,
541228,256,
695708,1237,
1034243,2053,
1172508,484,
1237119,18151,
1514875,381,
1657639,1184,
1040789,40421,
10308,12329,
1087375,19104,
1893971,958,
133703,3264,
359080,2370,
943456,3686,
888470,6754,
957667,5491,
367637,1502,
1324665,5358,
322139,484,
46338,29616,
308939,10985,
3915,6965,
1212415,9293,
555180,13573,
1144603,34605,
1834878,23385,
311670,353,
910649,90101,
558435,40345,
1569117,36410,
449135,16226,
181181,210,
182282,35348,
25451,2646,
1928352,45859,
301319,805,
252308,53767,
264876,2779,
1663853,4597,
29042,12835,
312119,21505,
22266,2951,
605748,32755,
358526,3558,
386398,26018,
271516,25929,
396520,78477,
295481,2415,
1989882,6131,
1791896,85138,
676539,28954,
322527,25984,
2073768,15359,
325918,8887,
495215,27622,
982650,36935,
214322,5420,
601781,26751,
1353643,32376,
800837,344,
1445304,15066,
783668,50682,
1610672,20808,
1212199,2129,
1616713,1220,
780282,59814,
1478128,18744,
1604695,70301,
111509,45166,
210635,13610,
547887,1282,
104261,818,
480619,19140,
253290,832,
413521,17020,
620323,1200,
1785898,3885,
1009964,21406,
73747,31246,
313467,9193,
808329,22945,
188032,22407,
1130187,4487,
1215702,39851,
110711,6904,
273601,817,
223030,25281,
47413,224,
1194559,1854,
430815,33122,
706637,12587,
13755,971,
1255625,7425,
245564,19831,
1441210,935,
1203680,9483,
2053646,37226,
587487,1057,
248031,8054,
154493,270,
937119,18754,
461114,45108,
228563,7960,
223146,57,
459117,14368,
1048714,6963,
1631100,19766,
615093,10086,
257598,35,
771803,6913,
679993,1133,
1779181,10194,
146331,6874,
572087,13678,
191941,7753,
1884797,54623,
1398754,36200,
610150,47472,
589948,3665,
490740,3195,
433589,3777,
392814,2948,
1038917,17364,
444422,15093,
400563,5687,
2139183,14799,
1528907,77359,
502058,7294,
1025745,14537,
1441587,48,
548196,1574,
149019,7753,
99256,1322,
1174040,14993,
555916,12925,
679271,994,
1619411,929,
313506,9295,
1111050,7777,
77562,4711,
547731,185,
429391,18935,
1118046,906,
29351,17849,
970038,15873,
106391,2906,
146485,756,
502251,3874,
1851257,3988,
1156565,254,
170692,1282,
501983,928,
1788480,1400,
312187,5415,
440599,916,
1205836,19752,
924268,8999,
480820,5024,
1883883,8008,
1186382,62412,
438439,1594,
139025,5360,
1741089,7052,
496888,2053,
1155184,14296,
774945,6852,
985496,28727,
1404803,521,
855724,3400,
127530,48137,
1628195,7730,
1983,986,
1254455,47917,
250169,36063,
559032,353,
263976,2647,
1703874,6641,
510002,4518,
244672,6908,
1190661,23565,
439254,1220,
884571,12554,
447374,7887,
2048889,19140,
90692,178,
860601,41044,
477973,374,
631387,4713,
858212,683,
1058388,13124,
63844,23260,
549993,1213,
389818,11042,
918105,8566,
818992,420,
347779,1979,
301754,2821,
876610,3853,
48072,1646,
1825918,78824,
1398754,7955,
1119483,1121,
1536495,59151,
463879,3874,
1629867,64776,
633173,6895,
544881,5804,
534108,1835,
1654522,24625,
1454562,1690,
584804,5620,
123634,14517,
491830,3399,
301547,5750,
1979488,44564,
856984,16824,
317819,32648,
717874,31815,
512925,19393,
1205965,82993,
40934,25359,
305078,19540,
1054832,22640,
353077,12502,
1399555,1320,
523395,16625,
38708,20829,
1351485,1402,
300139,303,
1333845,38443,
27218,2080,
374094,33123,
1122299,3375,
325492,6963,
1393624,376,
1390812,5306,
559032,6904,
848076,14240,
1433275,3688,
316717,847,
97545,21227,
1079667,3975,
1473161,19353,
1027850,19220,
2087891,14567,
637772,34477,
997662,7040,
2012625,50176,
127292,8379,
1390812,9462,
29351,18032,
245781,3547,
285159,1944,
476042,8565,
1958479,4136,
770145,1965,
361455,663,
1077616,17198,
134327,15437,
330586,3547,
547564,19909,
65088,16237,
1358198,1482,
1072785,43617,
1206013,2273,
559247,5633,
1928385,9694,
15923,15876,
162373,1787,
901556,13181,
1393983,4196,
26726,17526,
20702,12887,
301607,33390,
1036610,3203,
1859396,3874,
1089713,15638,
1861733,9737,
1435679,9882,
1280156,9362,
968837,30243,
919510,191,
76431,3768,
31414,580,
2121146,15844,
1611490,22192,
309320,14130,
1149028,16106,
1274431,23782,
366037,732,
426088,27602,
1598433,4100,
232157,22705,
301812,929,
1897561,19534,
499925,4348,
905309,4569,
1244556,26404,
386423,25132,
1348827,832,
1237850,2697,
717385,907,
47010,18761,
981916,4155,
1155101,24154,
228563,12129,
832385,8662,
749273,7304,
1089885,48893,
1780853,95231,
946857,5862,
1296160,19928,
901680,63347,
781174,4701,
1706027,7894,
390435,4413,
19716,3006,
169574,1477,
703851,36336,
1772440,53059,
600311,62705,
479210,44535,
280201,6879,
197582,3092,
491988,32009,
1342743,3195,
329937,38250,
1241080,2899,
1018431,976,
109351,2936,
1862015,125522,
1525617,10005,
1887748,12278,
105761,353,
255554,65637,
1601634,1859,
39989,367,
1759098,63366,
386713,18906,
1968098,7288,
1416688,9053,
1981769,11773,
1015692,14704,
623709,5018,
1934014,12422,
181928,4997,
495080,1965,
1421368,7613,
996911,45888,
76220,957,
897647,35971,
1463721,65920,
255238,2455,
159865,8454,
312155,13030,
558490,4281,
1395597,6282,
15911,10076,
213873,9726,
1662068,14991,
250368,15134,
1664236,15403,
790448,6300,
1804763,1330,
2062965,19793,
129614,6512,
1831107,8108,
187883,4055,
502642,13698,
726443,50581,
847046,1400,
130557,2129,
321826,7545,
498462,2875,
1626671,13731,
496888,4333,
2014429,18457,
806403,3195,
351355,5203,
852473,8643,
1390892,4559,
75718,32826,
433728,6532,
874019,19104,
684263,406,
348585,6902,
1238150,32536,
678876,6566,
134322,2129,
780246,3523,
552809,9788,
141890,1903,
472916,1194,
754365,32066,
138340,18313,
428804,4404,
1687811,9480,
1350136,13207,
226324,44115,
664417,16178,
1109473,33249,
23386,3695,
438439,8131,
44142,12458,
1205837,5251,
1088127,4412,
287320,22844,
838209,4710,
855738,32672,
299321,928,
457453,82547,
851823,376,
1754639,10848,
14003,14183,
1794564,30241,
184406,38789,
130192,48777,
16940,16523,
679731,28483,
34703,1370,
278347,11354,
136048,10394,
1206016,5250,
29956,13675,
1243751,3836,
796790,7594,
1943216,48366,
169702,29910,
393511,9410,
693609,40096,
1483524,52333,
113273,3455,
901677,54563,
572926,30196,
79965,3051,
877193,7091,
973806,18033,
193828,23715,
311560,17957,
250001,1770,
1160645,5570,
1145685,3547,
1828432,15121,
109690,6532,
413765,2463,
658643,928,
620339,33,
322854,72654,
1842700,21060,
757948,6462,
369775,7243,
604317,14101,
349173,74799,
334729,36805,
1439350,1067,
127426,7876,
1469219,3409,
1536288,37328,
2110910,27738,
1158980,10549,
1085799,2841,
562,1510,
1507931,61685,
1047111,15698,
262299,66355,
76747,37810,
21994,2826,
375596,3590,
1133453,20551,
132262,14221,
308641,44235,
1124972,420,
165189,15246,
82238,13319,
560376,935,
1118877,49842,
86239,1461,
2120973,5337,
72040,673,
901080,2148,
525473,5272,
287186,8076,
1171317,4982,
130023,12005,
376649,5250,
464224,7527,
1600025,4698,
1172638,19067,
251955,18811,
390768,15619,
1220418,97481,
766229,3380,
472941,13311,
726478,45223,
309375,37391,
464737,4420,
1941654,40739,
2097185,15149,
318060,7345,
495262,1461,
1035201,2964,
1934112,963,
1629829,17817,
1106384,8180,
390689,2482,
595659,1160,
10117,5480,
155441,33450,
123494,484,
831860,17412,
899525,4544,
1316822,82973,
1666269,14014,
1521198,71572,
68316,406,
128425,48257,
456300,8882,
368089,3466,
605367,48854,
1897162,6747,
799553,418,
930204,55764,
1204632,6900,
1454862,3886,
37076,4036,
878978,14986,
456714,6566,
314301,14911,
561762,1922,
5689,8869,
219300,51986,
522808,4350,
471426,15413,
903953,48554,
737960,10122,
620288,1064,
754365,4396,
1521978,49507,
1121061,18873,
96620,2953,
844067,3548,
774887,1639,
272463,425,
969063,10525,
2012333,1187,
549051,5465,
294368,49444,
41653,2841,
203099,5590,
1856428,18411,
683348,95080,
1189421,416,
447012,14380,
464879,2961,
311519,14568,
863261,48619,
1251491,5420,
1482034,3884,
1548069,9973,
384813,32854,
506668,8454,
523676,15382,
1956772,10352,
34241,14000,
318557,19825,
1345601,3992,
1119483,9873,
811815,12346,
264232,15857,
16103,6053,
1720931,10726,
749866,50480,
1746489,48764,
843705,7409,
1979339,18785,
129531,9359,
742856,3695,
331371,39627,
2034823,44206,
1079313,8909,
1054863,5625,
943806,818,
383581,802,
1689778,3073,
796348,61,
133209,3564,
604218,43609,
576867,3457,
952962,40819,
736372,8255,
547543,9674,
559419,2866,
285116,3988,
1105817,5734,
1236683,35547,
260528,7596,
1369126,7335,
1333955,45684,
5700,1330,
488204,10780,
1669943,47019,
1849003,14662,
733370,82016,
128684,7545,
85308,2804,
904211,34594,
813709,6414,
50558,19663,
901436,8799,
887366,1905,
725133,3078,
2080067,940,
495263,14333,
245415,10882,
1059995,40962,
573222,20860,
1772438,18523,
641344,7765,
676789,2953,
730515,816,
1245861,81876,
422783,4043,
474416,34255,
227885,2370,
439013,1063,
726247,21700,
899033,95,
767183,3678,
14437,785,
212936,678,
550135,84889,
87030,1367,
1027467,419,
1515644,2973,
301292,16521,
176686,16628,
1423382,1626,
454655,8561,
785367,794,
490950,8842,
490438,13509,
333545,4549,
311143,2455,
172676,4550,
103697,15004,
390312,27747,
368047,7846,
127232,3299,
250808,2862,
354319,9463,
1299140,15367,
1039124,2168,
343160,24367,
89483,15263,
903884,8565,
138649,9672,
1369599,18534,
1001320,9013,
320087,8160,
158249,1989,
324593,1334,
130598,5052,
1113124,10377,
129875,11166,
1236904,49353,
568657,437,
167877,260,
208855,3843,
161185,12353,
313204,935,
314253,3886,
110307,13036,
1515715,13275,
316542,10329,
1481883,928,
1399066,20886,
296209,425,
1370568,18915,
65088,19651,
263438,13146,
1175542,3884,
127878,6,
60951,764,
465094,23456,
1849142,437,
1209389,11439,
1304266,1378,
1172547,3096,
1558416,621,
918693,40912,
317514,71934,
714877,43548,
630396,16779,
77997,32161,
181255,56940,
1237132,56939,
1058388,406,
196656,704,
298479,4209,
47506,7117,
73675,11965,
1251713,417,
605723,3195,
1412428,9829,
289091,25112,
1202223,6484,
11317,13050,
1189155,1842,
1512760,2614,
268940,435,
93668,23716,
1691079,6566,
1205837,10287,
320270,24153,
527292,23362,
294407,4726,
788003,8583,
1236940,79214,
23260,2992,
771228,3334,
1514361,18761,
877433,1847,
1410121,11535,
50554,23136,
1171369,14668,
1254034,6303,
210635,3099,
1669095,5686,
457483,44174,
228756,25628,
811855,32869,
556998,406,
456633,1247,
1968118,5231,
390058,6868,
1353167,8965,
488493,673,
602672,882,
1089954,73359,
901544,44181,
676539,3279,
314415,381,
1136735,434,
1164668,28436,
1092759,71028,
1237130,48712,
431544,80855,
115413,2669,
315224,2861,
1835148,72317,
585243,3843,
938426,19872,
897223,11453,
1117803,4507,
1726062,1400,
119717,2022,
1376213,6891,
127925,3551,
863265,43942,
156372,24798,
127789,44989,
126275,1066,
14753,15062,
130880,48959,
120277,46872,
924534,34521,
502502,11624,
77052,10194,
1543872,14174,
1088093,6241,
155040,14829,
308642,54815,
446231,45625,
419703,2017,
555614,4278,
447831,48683,
613033,48259,
813291,74173,
1177483,57696,
322497,852,
356944,860,
2139232,36990,
112910,18193,
1457730,7709,
755819,7477,
491899,8658,
300023,28685,
464090,28407,
524590,1247,
1134489,8799,
124853,935,
232157,30022,
319267,1320,
1969709,25345,
994591,4487,
1861487,27510,
666823,8878,
292446,4940,
1803219,3372,
309782,70999,
390338,2622,
3761,6733,
254873,5944,
53866,9146,
293383,13106,
396895,8468,
1480724,438,
1831165,43819,
386700,19068,
67636,12622,
917516,2415,
22052,19502,
349364,1063,
235346,13409,
968898,7485,
742929,801,
1168598,5633,
591590,2945,
863717,2264,
1049625,12369,
2109720,32555,
705451,9547,
1527225,34693,
721968,13907,
393206,75192,
314242,4465,
21121,10663,
869099,1063,
367765,15403,
612711,112,
851517,1064,
1803642,23385,
284410,9193,
1486945,1451,
1832704,39140,
1458961,17837,
971515,2012,
1616195,1800,
1088915,420,
801466,18897,
210391,6193,
136723,20046,
233617,53444,
120669,15027,
1236683,34388,
209459,2948,
928916,1052,
215344,10741,
328772,5989,
1283453,8642,
1274431,1331,
359440,7304,
2119387,5785,
338422,7614,
1868920,8675,
248378,18922,
189927,15015,
17863,17090,
136184,1063,
1240401,30661,
1325059,435,
504789,29289,
949196,83297,
1616700,1280,
9794,412,
274091,4404,
399852,36077,
2014947,3902,
1107619,22232,
1538342,15374,
522413,9378,
1179279,10371,
76541,10848,
525737,912,
559419,418,
21891,19367,
133840,934,
502251,1132,
1415485,47894,
301458,2856,
179201,39646,
1837877,21906,
536700,4054,
1009964,663,
615463,11146,
774598,230,
1469356,16745,
504789,2704,
247616,6277,
70639,3001,
1804570,12493,
329499,6428,
1027831,13181,
1177733,16927,
403019,8667,
1345355,406,
502595,65089,
121382,47029,
123488,3937,
1435495,19446,
1881519,40857,
749958,6415,
390739,4684,
87064,2877,
45494,13876,
559118,3451,
1009705,10486,
802509,23410,
756745,3313,
390533,76194,
304515,35484,
811118,16301,
1103958,2129,
277727,67933,
426871,74342,
167739,704,
108213,34806,
1399571,24511,
587329,3204,
1240748,2664,
2140285,10261,
755477,7581,
271971,776,
78014,4100,
33195,25123,
2089190,9082,
835301,8567,
1783865,5420,
1742340,52750,
1814385,7845,
851796,26297,
1047111,33671,
537361,10641,
795278,7426,
1005109,59588,
523576,1220,
460660,5944,
87463,381,
572806,12326,
1122001,425,
192378,3401,
1982969,3793,
2122240,882,
1524946,29279,
1439554,7054,
2107019,7701,
300796,14220,
566423,12468,
1390911,4656,
1399128,9584,
1492946,4974,
1080159,2165,
902213,9,
272019,1461,
1121543,36410,
433665,2945,
809371,4653,
165976,14948,
1493826,10200,
176908,21887,
82368,7702,
291038,2709,
44874,9675,
1085582,7040,
463424,1402,
2120999,1401,
248065,20407,
1280854,2697,
262278,376,
345678,2885,
763519,20089,
1466865,11125,
676531,1131,
694796,3884,
1274106,1837,
298612,37214,
1237132,32318,
390886,848,
1046953,8379,
306854,7243,
750117,13692,
72460,12681,
22356,12772,
1141042,20951,
1119991,441,
1304843,9140,
875069,1905,
1695202,33755,
1722885,17094,
286656,2828,
314727,51475,
1076786,1966,
898244,21875,
577685,683,
273114,30523,
998447,13737,
64007,2008,
116320,16931,
493933,30918,
332177,788,
669203,6007,
293307,45681,
508534,37893,
330772,73346,
130038,48732,
170730,3155,
237051,6131,
35487,1706,
1938852,10464,
721968,3548,
114257,32204,
214665,1130,
600141,2861,
99617,10992,
1515545,1059,
188589,12622,
661497,7893,
504460,4361,
138445,6374,
170692,6893,
22858,413,
1502950,12823,
159931,23743,
282371,15952,
1038917,3849,
306844,3466,
11615,13033,
427448,8454,
286134,2455,
1278728,19709,
225290,2083,
904480,353,
943954,5803,
295992,2992,
657571,6844,
89518,7592,
502488,17589,
446977,50490,
89455,20963,
1338344,66309,
295561,5675,
344167,21700,
947073,907,
490993,13654,
1087702,12584,
1188768,9120,
789577,23195,
313421,27943,
1137821,18089,
577319,1211,
1317978,32307,
610334,30257,
717757,47816,
704944,9324,
750164,2869,
944100,3551,
1506579,7565,
18348,8131,
14567,3844,
1032593,4841,
147310,7398,
1399615,20404,
30515,790,
447831,33529,
897647,102,
1761743,1644,
1526663,6746,
1049194,1982,
150032,27307,
361597,12571,
616277,3547,
395033,3973,
64274,254,
125041,3701,
1351465,907,
1255169,9832,
321043,4555,
1033373,1067,
78602,16598,
1661910,6567,
897329,2653,
1943216,102763,
122270,3078,
165011,3381,
316612,21847,
145520,9290,
107613,11505,
39594,940,
475163,2672,
1283499,934,
57577,4674,
311160,23634,
1229799,11041,
518391,14426,
1797425,57218,
389323,78008,
444614,1040,
661048,6192,
14567,14950,
1812921,1133,
903878,6129,
924611,3737,
37493,2815,
332718,1648,
926874,17364,
1496168,59618,
532126,5570,
510758,7811,
390392,3952,
650488,2306,
409053,2992,
663018,1648,
1099829,6893,
676979,186,
111217,4377,
932739,12255,
148451,26597,
413077,19412,
496398,29173,
1441744,1862,
903224,15779,
19026,7654,
493448,11528,
1690464,46362,
962307,21916,
400345,78736,
111273,1411,
455785,3845,
357766,10228,
256043,4698,
264517,4404,
898600,1119,
542224,1398,
488533,7045,
463489,367,
345632,2097,
293730,2598,
272921,10830,
1190073,25403,
1006472,32682,
2108616,26897,
1340484,3937,
1122620,9406,
983594,52056,
117998,420,
292344,13869,
731199,92592,
929523,2415,
864313,8831,
289314,5815,
325533,3990,
1212271,3687,
1315731,3751,
546428,18087,
1668110,7868,
283347,2365,
208003,43440,
136739,6754,
896158,32331,
223275,848,
67264,1064,
1096263,8943,
960193,7566,
27638,2,
1703376,14714,
105585,1115,
36423,19167,
1172638,3548,
389931,2455,
322341,1407,
524397,3934,
51792,17552,
222646,38484,
619081,9992,
610334,4700,
1762749,91958,
1831393,8825,
968770,2993,
1018440,90039,
1453715,8800,
325652,72927,
1159035,44286,
783767,420,
1313957,10924,
154967,4578,
1465923,42857,
1664052,34392,
912913,15438,
2103847,10122,
288008,7914,
556198,17086,
1836213,7335,
1283205,48242,
878355,9718,
220392,11199,
1122427,6659,
920171,1857,
137647,50732,
188227,9454,
930721,1059,
126546,1052,
106155,8008,
33060,3381,
1469208,3401,
286656,16237,
282060,212,
1715857,23231,
61606,8415,
1523910,8522,
1087434,15338,
1198957,61271,
1565350,9029,
301798,19857,
105761,34191,
1525617,78517,
228909,2704,
695708,3381,
283009,3697,
1314904,53829,
1883840,1808,
107033,934,
598291,3548,
273206,7382,
668911,9397,
1653837,6193,
1073991,1982,
471412,412,
280000,1857,
900370,9802,
26438,4997,
2125227,14799,
73052,4136,
913625,103937,
502367,7816,
1752339,15008,
235745,814,
1237131,9664,
372414,5722,
1468459,13657,
1145675,760,
1883581,19099,
261087,16197,
290093,1480,
212432,1441,
492106,14121,
613353,9736,
1483524,59492,
1304387,35052,
1968367,17001,
481922,13901,
547034,31349,
697718,53521,
226324,929,
186925,1288,
1039985,44836,
1148162,570,
354000,9295,
666729,7426,
603411,928,
238159,16105,
409951,777,
11386,9517,
1453658,19076,
1755400,47742,
2121267,3015,
1236720,13503,
661747,35,
1085769,303,
258167,2861,
1872096,42457,
1209392,9356,
418696,15146,
582137,4377,
1803072,2286,
1600384,28029,
1125741,48677,
1529017,9017,
1730465,928,
676869,1076,
318395,2129,
1072840,41536,
1122354,2862,
286039,47768,
152484,6449,
335553,36850,
565464,21060,
732290,663,
1283499,3755,
747365,44307,
164216,26075,
494441,2072,
876215,5683,
187883,19234,
10636,1304,
68646,256,
1177581,382,
474515,24869,
1823382,30122,
2049440,18337,
351250,3793,
53200,299,
876891,1185,
127770,33121,
1376370,7753,
1895877,9954,
22447,1,
547896,1346,
5057,7445,
495756,10460,
70681,36380,
1139319,9383,
325533,5944,
149157,3129,
295259,11015,
126770,1133,
58706,33071,
1765928,40681,
1201498,2888,
1004595,13585,
573259,89780,
37022,7718,
706835,78359,
226246,928,
373735,11907,
30272,212,
1216168,4606,
901720,10201,
1085799,935,
698590,381,
396830,9905,
156128,18497,
808349,38234,
1940299,974,
1819978,7594,
33345,4999,
408013,13005,
401299,23123,
1320601,9293,
406580,6747,
554622,441,
116066,9654,
22260,19704,
484608,1459,
914416,2001,
1482162,3213,
1039268,4701,
1397382,14668,
288986,68986,
377924,9180,
1148200,5202,
900832,5621,
594113,54289,
276940,14448,
5700,2376,
203583,42844,
20458,1993,
461949,1052,
474862,4422,
87086,622,
54622,4476,
597462,1064,
1678823,1477,
902175,7335,
188871,3560,
1661196,13573,
1822181,31892,
318763,283,
640308,35107,
1544828,1808,
261417,1646,
476013,4163,
803261,2389,
1492146,830,
723985,1125,
761396,23588,
571975,628,
29465,23535,
402362,6972,
1171562,11230,
1192497,5198,
901190,1996,
330975,15882,
20175,18406,
561725,19258,
99118,19696,
131285,7839,
442111,707,
913159,19816,
516993,1052,
334946,9197,
603962,5687,
1243564,21633,
335664,7874,
61608,9630,
245560,36381,
612108,375,
1351526,3409,
464528,59178,
113961,19902,
1350136,12402,
361622,57868,
1190073,69726,
447676,51993,
464724,57613,
345511,17435,
180625,5781,
212390,2053,
943456,12395,
313173,1331,
71022,9273,
865820,9011,
317788,18817,
1555857,5618,
20175,18409,
577215,6871,
1036210,420,
368083,3409,
312688,7979,
1379733,45108,
1237185,16427,
1692814,2964,
245963,1335,
523734,3092,
1351485,6895,
247570,79,
1364,3401,
344263,7051,
126182,32533,
201689,2862,
11017,12831,
1489839,12151,
359080,763,
137281,3195,
181653,19210,
1106020,8179,
11386,4265,
716253,50731,
358622,12077,
518480,12133,
594041,2273,
842849,38139,
2101542,20145,
898600,1707,
96616,1471,
1085591,3938,
928663,3313,
1829082,3920,
903646,1989,
645360,1051,
588195,14466,
311928,270,
104812,4795,
202206,23402,
915419,15991,
676925,1226,
1509014,13304,
412820,15651,
72730,7627,
630289,40174,
98042,13435,
115483,19609,
1469323,39405,
68024,987,
33340,4982,
22107,19620,
1536728,13794,
10181,4465,
731285,10215,
830140,3695,
1145939,22164,
1347248,17224,
493960,16805,
857402,74,
547432,26561,
1626671,7262,
307448,1202,
515564,14586,
1011638,3170,
822675,18015,
254873,1979,
1348997,61468,
913859,68194,
585219,9905,
748588,15904,
1351604,2972,
1886829,9055,
169574,13588,
642055,17370,
1050174,716,
132230,49317,
83134,6733,
110380,12259,
409053,2177,
535328,5991,
374306,19556,
1503207,8785,
15426,7091,
1132850,19315,
1385626,3459,
518691,50821,
73322,4542,
1225298,14724,
1005365,16178,
131141,12451,
751898,621,
406580,994,
163074,52439,
842177,13352,
1597444,22451,
591901,7409,
452356,3558,
234164,381,
943487,353,
433671,21059,
1394859,11882,
854804,4726,
957667,3296,
972746,12754,
523197,13493,
1454358,9882,
1238007,86795,
1318426,14765,
284387,30996,
124144,2027,
1292782,10355,
273182,3300,
609629,3020,
410843,4566,
2048893,27593,
10063,1402,
49339,15479,
453516,9674,
901627,16744,
715322,764,
1986887,1979,
20504,18610,
313478,4055,
1911842,23038,
325860,12009,
541021,7668,
1510683,10990,
70685,13686,
29465,23530,
1360501,2860,
1536285,57,
18152,6455,
717894,8741,
477973,13592,
1878235,60868,
129620,4597,
87064,2472,
52810,4265,
1469356,59179,
390354,1644,
2014266,75611,
716738,54948,
188759,7594,
248065,823,
313173,71397,
847938,41809,
567032,683,
86200,369,
389429,48616,
1206034,5570,
1455959,62319,
773987,987,
1157146,1787,
606579,1456,
148848,14384,
1224333,3768,
283840,14270,
754363,3806,
1307861,9739,
60303,24441,
1532878,5099,
492119,49027,
324363,52874,
19761,5327,
2019542,6518,
772748,3298,
1020364,1365,
1826866,10295,
982146,5801,
342853,12981,
870013,353,
512136,1064,
652637,484,
1032079,56,
589911,9778,
19249,7545,
883316,38793,
930721,940,
1188768,9734,
1536288,17423,
938021,27516,
1889923,6759,
233873,4700,
330782,2862,
593714,13395,
2053784,29699,
1811393,4489,
984072,302,
569388,10232,
1263075,16067,
616567,67700,
263648,35483,
535257,8276,
130036,1330,
727489,6091,
515924,7796,
114731,4041,
54796,3298,
69632,32141,
35566,9408,
277347,4422,
498706,10235,
135403,1703,
282278,48761,
4181,438,
53856,31807,
48187,30222,
89551,6764,
301319,70204,
1019519,2826,
898453,11355,
1662773,26652,
1795815,65569,
750117,1052,
346670,10005,
2100501,18015,
1509014,19271,
137884,789,
980925,3078,
483961,9601,
420788,913,
672530,14981,
313601,5172,
1124467,1456,
155858,12289,
1684129,26020,
95460,565,
239055,7565,
76799,3220,
551075,17521,
83134,39235,
55801,1351,
411012,11127,
1088786,1383,
341707,14857,
59046,11614,
1431099,16692,
1168560,9405,
373339,5986,
1884797,1459,
774945,12101,
249989,6871,
309268,6617,
1659855,2083,
1351343,3694,
1238370,7850,
468217,1066,
62603,15760,
897329,4791,
213488,4973,
189450,9,
1825962,9012,
1741438,10203,
1592736,935,
136951,50504,
826453,818,
254208,5092,
1014126,21498,
477992,1320,
922098,912,
89151,40636,
469193,910,
601704,9332,
833602,3830,
463600,2323,
238952,6239,
251897,10196,
676905,13737,
1715658,8882,
234420,25205,
157978,954,
63664,2863,
1897514,24234,
344263,15652,
385166,3737,
299062,24101,
1558638,43571,
855724,12369,
314650,818,
154680,4911,
2097479,23004,
1811910,3006,
733483,2804,
563139,27007,
265523,12346,
124193,8322,
1264062,8379,
407431,3363,
1020275,3832,
1835148,15607,
22502,17678,
1173711,74273,
679323,3182,
949028,2647,
2119524,70841,
35351,5059,
434809,8081,
311826,794,
309489,13903,
1156272,0,
440428,10057,
33018,3052,
952683,9694,
1204848,1365,
929513,51954,
197146,16083,
562653,3755,
1080091,4282,
1190661,2709,
64265,14057,
924493,5202,
140903,5411,
2109464,9957,
649885,16692,
1275584,5830,
1825943,3755,
1433308,2361,
1663213,71934,
888147,7868,
1629849,3621,
1567042,6759,
29576,689,
510631,86091,
420970,2169,
158865,53804,
454753,963,
180268,3118,
385067,19765,
107065,28966,
754644,22462,
533373,5192,
331884,73437,
1554497,16968,
1795295,12635,
127504,5337,
943973,11107,
225939,7887,
463536,2339,
42812,3401,
483987,12380,
395580,10828,
657207,8379,
1593538,2362,
2076259,3408,
421370,63219,
1192497,84916,
112674,33858,
476465,2467,
110331,21873,
409059,907,
829586,815,
308006,62947,
389070,6289,
314369,1911,
795194,15974,
1802060,13698,
418696,3057,
1122565,3409,
46791,3279,
548966,1989,
266749,6303,
228511,18193,
1390991,6846,
24331,20830,
819272,33362,
1077759,11129,
844307,11720,
732145,19140,
789799,7788,
742962,3126,
355856,11226,
108260,3885,
498514,683,
1198957,19609,
546687,3793,
22300,18831,
792692,14545,
1020088,916,
474421,50439,
22295,6135,
105804,27689,
274974,67648,
1499027,2953,
402362,342,
279853,7089,
607282,55900,
772748,36100,
605296,12249,
193638,419,
869131,816,
1667882,2884,
789808,5624,
390652,565,
2031813,47749,
480743,398,
388111,24194,
1463808,4246,
521979,23657,
228650,5057,
131065,6566,
492155,75810,
719028,24587,
276606,1096,
1061139,9042,
75018,11456,
912913,23004,
1663155,13497,
371370,9060,
565814,931,
1378047,353,
373622,19271,
508237,13391,
1236664,982,
1151307,3195,
278599,3751,
864354,14968,
18293,3674,
1307861,8180,
163,563,
506958,4361,
274863,16921,
1486978,43166,
660242,37,
526610,1063,
1031777,15243,
651037,14101,
270318,10975,
128015,6053,
312307,13861,
103410,4774,
1439633,15194,
1245423,9996,
484453,6277,
448995,2162,
583255,17078,
646822,12977,
1231829,31723,
602833,2600,
289986,270,
468408,1074,
1237577,18941,
96602,5202,
1216169,3470,
1351343,9385,
526610,8577,
1156680,7742,
745190,1859,
1288107,17619,
299888,1330,
612013,27851,
229745,2286,
444010,39614,
354937,6114,
117597,2863,
829351,798,
819793,30171,
409568,35,
129398,9523,
738040,1015,
1100116,5422,
1887641,13279,
1788478,11553,
1711363,7409,
155905,9050,
395714,11002,
118100,3884,
1073697,366,
1292285,8412,
873138,26925,
1222114,39982,
1856110,8565,
1275397,353,
218434,5570,
1940588,57609,
115432,90,
135859,50217,
1537161,824,
25985,15793,
1979392,1648,
1060955,2973,
512061,18237,
611945,7743,
522813,86671,
1049194,2841,
286703,140,
1390596,2853,
1360344,10177,
301301,6743,
450219,3814,
1878515,32125,
2004241,38848,
42818,18472,
1944339,881,
556826,1402,
109545,22469,
6989,2659,
1966135,12298,
285058,18180,
1155771,8577,
543564,1478,
10619,12535,
363045,1040,
13678,14514,
597622,1484,
646341,5484,
606528,24157,
303588,8143,
49312,19305,
129864,6053,
1884033,38192,
622563,8995,
1850473,1787,
918105,55094,
1761730,4349,
223272,62065,
1526597,4382,
384029,24566,
1891121,12638,
1026374,5493,
265412,14101,
993636,14957,
358706,773,
47356,3914,
1482988,13048,
302624,17049,
22419,10884,
669097,4672,
78135,2779,
35298,11434,
335913,1112,
392978,6202,
482544,6659,
603376,32038,
55375,27691,
789144,5062,
591355,14841,
1812294,4396,
1085707,3558,
87086,3293,
530177,39232,
902376,32730,
318090,6641,
1370959,21906,
860332,7956,
194881,2939,
1300691,5250,
648318,2714,
26397,673,
820617,19858,
1107317,3299,
1087434,5986,
1390856,13384,
1981619,9742,
916097,6566,
1107619,21742,
807845,4349,
561707,89136,
326316,6576,
317746,66545,
10308,12326,
1552,3694,
103666,802,
2389,5162,
342719,44056,
1090586,2948,
319037,72204,
1909864,11638,
156848,913,
194959,22701,
1054863,10097,
1285356,48,
89420,4732,
82028,5420,
943780,3195,
488082,14057,
33195,3552,
20514,5568,
693432,14559,
70747,18306,
349725,16104,
223184,12487,
785446,2337,
863262,7594,
347402,3690,
247335,823,
230637,8964,
162813,7728,
330070,801,
1526452,52395,
1347248,14028,
424282,9221,
1682623,36002,
557034,2472,
353987,1621,
806133,13523,
467943,4484,
77894,18948,
22789,1800,
498152,24175,
19743,1066,
888241,24853,
1836143,14765,
283526,437,
518040,20407,
1611709,11575,
683348,5037,
70685,13509,
1032079,20906,
1518373,30129,
678606,10942,
50529,6887,
1941465,15732,
179746,18463,
427135,931,
183179,12583,
905053,3170,
1606265,5203,
154630,13413,
322854,12385,
322149,1006,
1772505,13003,
341236,2083,
498152,3952,
223222,53261,
762431,30117,
126334,4350,
533309,21252,
705104,95941,
650961,2623,
1156810,8420,
485859,1238,
426342,3487,
516166,11965,
450484,36205,
201339,882,
490777,15804,
131675,2603,
240928,3831,
921676,3548,
1700170,10434,
32421,14513,
1589251,61836,
77304,7935,
389393,27,
450522,11382,
439452,4041,
40754,9324,
572852,19189,
541527,547,
419652,36463,
1695202,34324,
285548,7551,
275015,164,
657207,1984,
1043801,1872,
76783,7483,
386395,12070,
46551,10507,
604218,735,
131067,23849,
237096,787,
312155,31492,
2112333,9432,
1133652,48823,
486774,906,
1461062,10653,
491446,381,
1154657,1857,
525473,1145,
546620,61444,
175690,14132,
1899836,23213,
135859,2801,
212390,19410,
31509,264,
1360501,18614,
452661,36601,
1417357,9828,
1900718,4510,
2110288,1369,
469076,37,
94344,18471,
22498,19870,
484002,1448,
1061139,28160,
1717648,11275,
1785437,13209,
892072,15888,
313789,18184,
1205442,8798,
1125925,907,
548091,31193,
311774,9137,
952551,8257,
2046640,80583,
502433,8255,
2048841,60691,
322652,4598,
595185,18749,
2014448,104846,
228347,15246,
1017821,20703,
1826000,5621,
1876746,12780,
1722885,27001,
1517338,1765,
282729,4490,
390152,912,
1898085,9617,
1157614,2339,
291060,435,
1413970,13579,
1752282,72183,
49602,1830,
746217,2363,
1173498,39405,
502786,3570,
1025624,1765,
1085791,663,
939028,761,
53866,13278,
728906,10213,
553791,10464,
863290,7592,
29486,23053,
39954,4210,
497683,19403,
310008,6163,
2014429,1402,
709872,13272,
914784,60654,
1327718,9802,
487031,1282,
311774,71233,
1085647,66442,
355881,64549,
1389498,22575,
121491,2286,
356904,3382,
1666269,49776,
558222,18141,
1928385,87718,
1007478,4689,
340236,14515,
899523,7564,
502300,1477,
173421,7177,
1454791,16890,
123539,13036,
29428,5346,
1971947,2371,
148753,10295,
836223,17484,
584494,790,
733401,8251,
1898112,3402,
430312,12834,
2096962,5991,
810615,38875,
456330,12568,
52846,10917,
213508,21625,
563139,19354,
271516,1903,
193600,5396,
548006,5393,
1644929,16014,
130355,729,
1122354,5306,
274841,311,
1119539,6428,
454431,19814,
755675,10509,
1033718,4613,
327431,21446,
238109,626,
491891,40819,
328826,21375,
249989,1122,
1883836,9432,
134266,43378,
490635,12369,
62950,2168,
809371,53733,
230740,2841,
539830,2279,
213248,622,
109916,4708,
2034499,18433,
710346,25258,
138760,5687,
1418158,45052,
371055,8856,
806933,3783,
1835163,89134,
2016864,49363,
865418,11328,
1564104,7361,
193241,10509,
964600,4166,
1160250,36935,
1610589,814,
496586,45233,
232361,18072,
1954584,50824,
48360,30307,
228511,3481,
665106,7361,
962899,2455,
195396,3889,
522470,3140,
1730088,10005,
565469,72181,
1842700,7080,
277347,5445,
1220443,9082,
525798,41236,
21980,8832,
1784531,21406,
1898107,1702,
560722,89091,
126414,13319,
1752768,7350,
1544975,10828,
97310,18758,
518480,4100,
667245,58688,
87861,7905,
139427,6659,
298564,1903,
488082,3550,
873233,8255,
981218,3959,
12622,13955,
299703,19833,
938875,15764,
137452,12836,
18238,9653,
120456,2828,
1251141,4542,
137049,19438,
937058,17837,
842680,13633,
227315,3466,
323228,23016,
337497,18857,
402097,44726,
308971,47990,
244580,2861,
316325,1285,
2122955,5186,
254083,27772,
301231,11668,
67531,926,
105585,466,
179380,13413,
441851,64401,
1532832,560,
237881,1162,
527343,8841,
899508,6970,
567327,3381,
535429,58027,
1536899,818,
4498,7721,
313075,230,
488210,5683,
537580,815,
1236636,283,
602795,2784,
110042,3349,
256247,28389,
457503,14685,
898664,65136,
771010,8420,
1136735,570,
428734,3810,
710494,3195,
1981491,14971,
257223,16478,
1409620,18420,
1430594,17981,
1692885,21260,
1984955,829,
335794,73746,
1392732,3954,
863220,1402,
1533242,14554,
451379,7956,
1214540,1626,
681283,39086,
376638,9841,
1759978,2431,
330718,13495,
398624,2783,
148719,3883,
114336,8463,
238214,28513,
468147,32536,
1080159,848,
1337209,12754,
128367,15414,
52773,12422,
796954,1008,
428014,21404,
630396,2376,
389602,8622,
719365,13163,
51597,28489,
329913,4746,
454374,311,
155073,1800,
961699,4332,
484303,2164,
1439525,928,
717765,1697,
947073,12502,
1031694,92104,
928572,6131,
312908,973,
386398,1069,
463597,12785,
750751,3697,
29532,5304,
565814,1063,
677481,13184,
286517,21,
273601,1765,
6685,9667,
1085577,10509,
1558423,56804,
205234,420,
401425,3694,
475613,71907,
1190057,4117,
1225298,1477,
549051,1408,
905630,42786,
1506797,12922,
1125208,11919,
456253,1201,
533373,4422,
1737479,2485,
502353,2286,
1621980,3697,
139288,327,
759307,3238,
180770,745,
131333,4055,
1294251,77899,
852082,2648,
710136,10458,
182822,957,
178956,15729,
1503782,5194,
497971,21,
106044,43777,
591657,1335,
450097,11064,
96459,9992,
2110515,4480,
782633,6895,
1533199,561,
108882,10409,
130783,27669,
124201,10486,
530445,11662,
303431,12384,
158742,26747,
913625,2048,
2027380,2273,
1494,3614,
1087951,4119,
247616,13324,
461133,3965,
15742,5620,
2195,2603,
1440735,6390,
130406,5438,
547120,17091,
1835163,15147,
63481,1690,
13739,3777,
420341,4102,
589647,1448,
313868,4282,
1885299,30521,
1835022,843,
69579,163,
656204,23009,
566254,11958,
1246270,11129,
251888,4172,
589949,9739,
127547,6,
483,1288,
224986,6994,
186830,1052,
491421,484,
1067004,3441,
744133,230,
863122,10858,
388105,17068,
858212,4505,
525716,6895,
3941,7007,
637107,1335,
138553,5352,
357919,745,
323509,5203,
233486,929,
348722,74772,
901926,48558,
491830,23674,
428138,1114,
1811910,1128,
210021,1334,
795783,54798,
518618,26833,
815853,18030,
1013491,2339,
968846,545,
143923,3400,
121859,34111,
308971,2286,
2013323,4999,
119208,19304,
762765,2421,
1680515,2647,
124744,6867,
65570,3381,
84943,7933,
810753,1091,
278601,9140,
267259,30995,
2042286,25228,
132379,1399,
616585,92102,
223105,2666,
947047,17371,
742303,52262,
602996,12772,
95705,967,
99654,10352,
602620,74667,
1981769,14703,
1558387,20295,
48689,21434,
1399547,15732,
306854,6303,
214260,683,
431775,3564,
113995,8642,
859574,3236,
683515,19731,
6044,8389,
431094,71326,
1105803,8192,
161110,7775,
1053575,48,
1655892,11957,
1183998,1905,
838752,928,
60461,33528,
594579,1694,
399173,917,
178226,9410,
209512,57,
48837,10355,
12533,1405,
357722,6415,
1351847,13345,
1172025,2961,
996371,4156,
293536,6759,
367213,9600,
333306,15007,
979030,657,
1052118,4291,
282772,20298,
317440,3195,
107613,13033,
363045,12890,
450757,3457,
1245875,4415,
197049,20471,
119717,7401,
29486,1854,
710314,1707,
1090222,2992,
29150,7545,
39742,1074,
725033,8179,
1492146,16981,
23858,52,
726027,31007,
1235753,14259,
290433,37919,
204113,19138,
19828,6277,
247570,2716,
505165,1202,
1429321,20647,
1831030,832,
262664,45040,
803731,22889,
287401,913,
663112,4684,
1038326,1052,
103697,17454,
154944,1064,
773830,311,
279598,1808,
48585,2110,
504176,3962,
609763,8598,
623322,3457,
98435,16745,
494810,14513,
22036,19491,
267006,647,
127803,7040,
594559,1064,
1489226,19494,
421243,25262,
523415,22982,
1190646,418,
90247,29730,
675074,70263,
1456427,5028,
205269,10512,
981049,14139,
52449,5445,
62846,3396,
310210,1835,
119349,1440,
308730,1650,
5188,419,
902698,6994,
1235346,52518,
1461062,3814,
359255,13699,
96460,17056,
897340,1484,
1260002,32684,
323388,484,
35409,19321,
1058255,4471,
611383,3525,
367891,5352,
1141362,2274,
192378,9,
1525210,44808,
128238,21,
1700433,709,
423312,7169,
1944741,14374,
139571,7811,
1535680,6302,
130076,8856,
901692,101,
324148,71992,
888286,35778,
967656,7939,
2107471,14927,
1321360,28097,
1101521,260,
796204,11354,
108875,691,
134962,10619,
296842,8582,
329046,58347,
323712,27781,
195641,2659,
448883,8020,
341923,22321,
535590,4163,
994591,815,
524678,6118,
1862172,21416,
1353336,2404,
1558428,6124,
1020932,5231,
119255,412,
567351,12468,
1685474,1063,
1512455,580,
154809,23043,
153657,8420,
1396994,3333,
798037,3522,
99118,860,
1320601,12300,
29576,11266,
151048,8832,
446549,16029,
1879998,11964,
390747,4396,
162552,29452,
676338,6754,
140451,6836,
1333405,34552,
648013,11497,
1395597,45489,
919466,2408,
131333,7335,
1236863,7698,
1034243,1320,
235963,13935,
1665901,3548,
225337,4483,
457265,18535,
371073,929,
1079960,8276,
1331923,18407,
314463,420,
897300,25021,
798274,2600,
160790,1335,
451370,580,
1377728,14305,
2083788,4013,
611945,4505,
446,1198,
996623,935,
518524,37290,
1471,3546,
78056,3481,
316747,425,
325687,5416,
2139016,6874,
91321,1455,
1141959,110878,
1384175,711,
206258,8171,
270318,43550,
383689,327,
1957561,21361,
1271495,3299,
339847,311,
2014462,1362,
902770,23067,
956487,4974,
693460,75914,
1802952,12502,
49251,18284,
244234,907,
141520,319,
1183477,3548,
1026800,12754,
135211,1128,
375743,7941,
36781,2129,
45972,4412,
245256,1459,
104812,43461,
373735,769,
1064,1201,
400345,11956,
623489,30689,
359399,30242,
1058203,21636,
1664097,673,
899480,15942,
1772435,7542,
599143,1063,
310967,401,
1972823,4100,
223275,29509,
1090820,11042,
453868,11528,
1011411,47661,
223158,44150,
547812,12353,
538501,31001,
699723,7426,
390312,805,
463960,9742,
234421,7091,
317827,1982,
1832356,36085,
322204,2485,
157767,14052,
38708,374,
213621,1039,
969063,19260,
135837,14686,
1333955,70387,
900013,7139,
1143152,13325,
126191,2992,
320270,72336,
316612,7712,
806522,26485,
779095,1179,
1292943,24152,
207951,20350,
1403404,35961,
271187,5351,
155256,29426,
26656,4025,
578559,4155,
616120,27919,
407051,1830,
1004020,224,
706423,463,
821955,7836,
271804,563,
260641,2938,
1598352,3399,
14889,1112,
561427,1070,
618745,7698,
439248,15419,
851432,54583,
302548,1301,
15903,15821,
546687,12584,
338422,37638,
1660527,23204,
448908,56387,
69646,958,
127433,34287,
772479,50970,
139438,51032,
316747,16071,
1409977,12395,
505382,12731,
1850473,3884,
1393593,4353,
15923,14841,
284522,907,
560202,622,
1831090,6053,
528720,6302,
474976,268,
112114,23051,
114216,15780,
235947,1460,
1100116,4155,
619788,13184,
811109,707,
795155,33502,
335674,2240,
159139,7290,
536700,425,
319932,39917,
491100,815,
928677,2664,
313350,54985,
48072,10882,
171102,4412,
676697,1448,
169717,19144,
150237,17473,
1194353,2950,
1872110,1087,
1085457,22605,
97723,24778,
180173,2048,
1271088,7899,
1085288,283,
1113644,47007,
1889890,9886,
21788,7358,
300100,21361,
1619224,818,
1319131,29633,
797181,1456,
700274,7398,
1115204,1980,
1180674,3096,
1471384,8665,
904188,14368,
74716,2603,
572062,1800,
1032593,76080,
1797425,15147,
2015101,16175,
1351298,2841,
354849,8822,
903875,49290,
587208,20129,
1303047,13927,
111509,45172,
1237006,8448,
428794,10160,
1256410,11505,
397705,353,
411862,9802,
22479,2234,
322737,16932,
695121,95538,
771292,3409,
858266,19257,
836425,13642,
401159,435,
474976,934,
450808,3912,
